year;Afghanistan;Albania;Algeria;Andorra;Angola;Anguilla;"Antigua and Barbuda";Argentina;Armenia;Aruba;Australia;Austria;Azerbaijan;Bahamas;Bahrain;Bangladesh;Barbados;Belarus;Belgium;Belize;Benin;Bermuda;Bhutan;Bolivia;"Bonaire, Saint Eustatius and Saba";"Bosnia and Herzegovina";Botswana;Brazil;"British Virgin Islands";"Brunei Darussalam";Bulgaria;"Burkina Faso";Burundi;Cambodia;Cameroon;Canada;"Cape Verde";"Cayman Islands";"Central African Republic";Chad;Chile;China;Colombia;Comoros;Congo;"Cook Islands";"Costa Rica";"Côte d'Ivoire";Croatia;Cuba;Curaçao;Cyprus;"Czech Republic";"Democratic Republic of the Congo";Denmark;Djibouti;Dominica;"Dominican Republic";Ecuador;Egypt;"El Salvador";"Equatorial Guinea";Eritrea;Estonia;Ethiopia;"Faeroe Islands";"Falkland Islands (Malvinas)";Fiji;Finland;France;"French Guiana";"French Polynesia";Gabon;Gambia;Georgia;Germany;Ghana;Gibraltar;Greece;Greenland;Grenada;Guadeloupe;Guatemala;Guinea;Guinea-Bissau;Guyana;Haiti;Honduras;"Hong Kong";Hungary;Iceland;India;Indonesia;Iran;Iraq;Ireland;Israel;Italy;Jamaica;Japan;Jordan;Kazakhstan;Kenya;Kiribati;Kuwait;Kyrgyzstan;Laos;Latvia;Lebanon;Lesotho;Liberia;Libya;Liechtenstein;Lithuania;Luxembourg;Macao;"Macedonia (Republic of)";Madagascar;Malawi;Malaysia;Maldives;Mali;Malta;"Marshall Islands";Martinique;Mauritania;Mauritius;Mexico;"Micronesia (Federated States of)";Moldova;Mongolia;Montenegro;Montserrat;Morocco;Mozambique;Myanmar;Namibia;Nauru;Nepal;Netherlands;"New Caledonia";"New Zealand";Nicaragua;Niger;Nigeria;Niue;"North Korea";Norway;"Occupied Palestinian Territory";Oman;Pakistan;Palau;Panama;"Papua New Guinea";Paraguay;Peru;Philippines;Poland;Portugal;Qatar;"Republic of South Sudan";Réunion;Romania;"Russian Federation";Rwanda;"Saint Helena";"Saint Kitts and Nevis";"Saint Lucia";"Saint Pierre and Miquelon";"Saint Vincent and the Grenadines";Samoa;"Sao Tome and Principe";"Saudi Arabia";Senegal;Serbia;Seychelles;"Sierra Leone";Singapore;Slovakia;Slovenia;"Solomon Islands";Somalia;"South Africa";"South Korea";Spain;"Sri Lanka";Sudan;Suriname;Swaziland;Sweden;Switzerland;Syria;Taiwan;Tajikistan;Tanzania;Thailand;Timor-Leste;Togo;Tonga;"Trinidad and Tobago";Tunisia;Turkey;Turkmenistan;"Turks and Caicos Islands";Tuvalu;Uganda;Ukraine;"United Arab Emirates";"United Kingdom";"United States of America";Uruguay;Uzbekistan;Vanuatu;Venezuela;Vietnam;"Wallis and Futuna Islands";"Western Sahara";Yemen;Zambia;Zimbabwe
1960;0.41388;2.0225;6.1512;;0.54895;;0.03664;48.7645;2.4936;0.61856;88.1189;30.7845;24.0756;0.41037;0.57525;2.2119;0.17221;37.4192;90.9081;0.043968;0.16122;0.15755;;1.0038;0.46548;5.2619;;46.8518;;0.33342;22.2707;0.043968;0.036431;0.2345;0.27114;192.7162;0.021954;;0.087936;0.05496;13.4765;778.9795;16.3905;0.010992;0.2235;;0.49098;0.46166;5.7357;13.6871;8.9591;0.88633;99.0507;2.3185;29.7495;0.040304;0.010992;1.0399;1.7616;16.0327;0.61886;0.021984;;10.2217;0.35163;0.058624;;0.19419;15.0869;271.3608;;0.03664;0.1319;0.01832;6.5641;813.9502;1.4619;;9.3915;0.2235;0.021984;;1.3442;0.41037;0.01832;0.65952;0.28558;0.6154;2.9526;45.3283;1.2125;120.576;21.3852;37.3586;8.2562;11.1685;6.46;109.2031;1.4684;232.4996;0.74314;112.1693;2.4241;;7.797;4.7996;0.080608;6.0541;2.576;;0.16488;0.6925;;9.4784;11.5078;0.051296;3.7675;0.39938;0.43837;4.2014;;0.12091;0.34075;;;0.03664;0.17954;63.0523;;9.0695;1.2934;0.67008;;3.636;1.8824;2.7148;;;0.080608;73.4376;0.86104;11.5318;0.53116;0.029312;3.4032;;23.7884;13.0868;;;11.9264;;0.99616;0.17954;0.30405;8.1646;8.3251;199.5771;8.2135;0.17587;0.11328;;53.3941;889.983;0.069825;;;0.014656;0.03664;0.010992;0.014656;0.010992;2.6744;0.82738;15.1792;;0.71448;1.3923;31.6714;4.3608;0.010992;0.084272;97.8435;12.5401;48.8656;2.2567;1.2456;0.43235;0.032976;49.1705;19.4949;3.2187;11.8739;3.131;0.82806;3.7095;;0.065952;0.010992;2.5787;1.7241;16.7985;14.1373;;;0.42106;269.8205;0.010992;584.02;2887.8204;4.3145;47.8515;;57.0168;7.4839;;;3.631;4.3552;5.9432
1961;0.4908;2.279;6.0559;;0.45371;;0.047632;51.1267;2.5714;0.64555;90.5039;31.824;24.8282;0.54594;1.7697;2.2904;0.19419;38.5886;92.6983;0.03664;0.12824;0.17587;;1.0404;0.48579;5.5154;;49.1445;;0.30411;25.945;0.0916;0.047737;0.28579;0.28213;194.0007;0.021954;;0.087936;0.051296;14.4582;550.9585;18.1963;0.010992;0.26747;;0.49098;0.55326;6.0123;12.1683;9.35;0.86432;107.5063;2.3554;31.7019;0.043968;0.010992;1.0286;1.6442;17.0659;0.58228;0.021984;;10.5411;0.34063;0.11358;;0.16854;14.9217;281.3733;;0.058624;0.16488;0.021984;6.7692;834.8396;1.3447;;9.8084;0.29312;0.01832;;1.4065;0.61555;0.029312;0.73646;0.29661;0.73629;3.3701;48.9299;1.0916;130.3929;26.0016;36.5088;8.7092;12.3526;7.0608;124.3749;2.1279;282.7869;0.9774;115.6748;2.3986;0.007328;9.9734;4.9493;0.11358;6.2433;2.6785;;0.16122;1.1945;;9.7744;11.581;0.069616;3.949;0.35541;0.37333;4.6849;;0.11725;0.29312;;;0.047632;0.18686;65.2399;;9.3658;1.3923;0.70236;;3.7714;2.6299;2.5903;;;0.080608;75.8188;0.88669;11.7551;0.56044;0.05496;4.1096;;26.4266;13.3355;;;12.3496;;1.1024;0.20152;0.36268;8.6336;8.7125;207.2354;9.078;0.16122;0.11542;;55.7161;917.8258;0.091495;;;0.01832;0.047632;0.010992;0.01832;0.010992;3.5683;0.81267;15.9108;;0.28946;2.0921;34.3751;4.571;0.014656;0.087936;102.1198;14.4487;53.6069;2.3336;1.2692;0.42869;0.003664;48.7995;20.3573;3.0609;12.5285;3.2288;0.70349;4.1407;;0.0916;0.010992;4.5979;1.7647;17.3408;14.5791;;;0.40644;278.2184;0.010992;588.6148;2877.3698;4.1168;49.3462;;51.8798;7.9783;;;2.6637;3.709;5.0613
1962;0.68859;2.4622;5.661;;1.1791;;0.10259;53.6401;2.6987;0.70894;94.8235;33.865;26.0581;0.72547;1.5902;2.5168;0.26014;40.4998;98.0183;0.069616;0.13557;0.15755;;1.099;0.53349;5.6598;;53.6314;0.003664;0.37006;30.704;0.084272;0.043968;0.30778;0.28946;206.9908;0.01829;;0.07328;0.084272;16.7074;439.3421;19.4195;0.010992;0.23816;;0.5496;0.58624;6.1696;14.1545;10.2681;0.90462;114.5653;2.1719;36.8899;0.047632;0.010992;1.2411;1.5637;18.5711;0.64826;0.021984;;11.0633;0.39553;0.11725;;0.23083;16.7903;298.8665;;0.047632;0.087936;0.025648;7.1044;883.1686;1.4326;;10.1488;0.26381;0.025648;;1.3809;0.65952;0.040304;0.67784;0.30387;0.69959;3.6815;50.5122;1.1977;143.4518;22.9749;37.4284;9.0208;13.1067;7.9324;146.255;2.117;292.8644;1.047;121.4043;2.622;0.010992;14.2786;5.1943;0.1319;6.5525;2.8508;;0.25282;1.0479;;10.2583;11.5407;0.095264;4.0523;0.39565;0.36062;4.7765;;0.13923;0.32976;;;0.062288;0.25282;63.7437;;9.8437;1.9712;0.72075;0.003664;3.0749;1.9852;2.8797;;;0.087936;83.2819;0.56426;11.1983;0.65934;0.065952;4.175;;30.6874;14.0604;;;13.5699;;1.1903;0.19786;0.39199;9.9596;10.3359;216.6072;9.2899;0.19053;0.12366;;63.8128;963.3179;0.084272;;;0.01832;0.032976;0.010992;0.01832;0.010992;6.25;0.81267;16.3271;;0.3261;2.5753;36.6322;4.6906;0.014656;0.10626;105.67;17.2616;59.9758;2.5608;1.3598;0.49464;;51.2726;24.1197;3.1999;14.1648;3.3886;0.76578;5.0268;;0.087936;0.010992;7.2321;1.7939;21.6045;15.3011;;;0.42845;291.9614;0.01832;592.9315;2984.0017;4.0069;51.7895;0.040304;54.0561;9.3377;;;3.8838;3.5827;4.889
1963;0.70674;2.0812;5.4192;;1.1497;;0.084272;50.0327;2.8942;0.67909;100.9343;36.9491;27.9456;0.70715;1.1945;2.8932;0.19053;43.4334;105.6764;0.062288;0.12091;0.15022;;1.2125;0.51103;6.2963;;55.5509;0.003664;0.35541;34.3741;0.087936;0.047632;0.38838;0.30045;210.9108;0.014626;;0.07328;0.0916;17.337;435.5176;21.2328;0.010992;0.2345;;0.6009;0.62288;6.8633;13.0259;9.8357;0.98523;120.5164;2.2927;40.6679;0.065952;0.014656;1.2485;1.7943;21.5269;1.1245;0.025648;;11.8646;0.42121;0.12458;;0.24182;19.3365;334.2264;;0.065952;0.07328;0.029312;7.619;945.498;1.7221;;12.2395;0.32976;0.014656;;1.5199;0.69616;0.047632;0.61555;0.24894;0.71058;4.2457;56.2278;1.304;154.0682;22.7631;41.3049;9.3834;13.4473;8.1996;164.5562;2.3955;324.8355;1.219;130.1981;2.8529;0.01832;17.012;5.5705;0.14656;7.0272;3.0228;;0.35541;1.4619;;11.0013;11.4382;0.10626;4.5081;0.46149;0.34671;5.828;;0.17587;0.41037;;;0.087936;0.20885;66.2922;;10.5616;1.6012;0.80181;0.003664;3.9541;1.6591;2.6339;;;0.098928;91.1446;0.61922;12.2165;0.84251;0.087936;5.3436;;32.8265;14.9653;;;15.6002;;1.1829;0.25648;0.41031;10.2232;11.4718;230.9988;10.0116;6.1335;0.13984;;69.4555;1033.1063;0.084272;;;0.021984;0.03664;0.014656;0.021984;0.007328;6.9388;0.86027;18.1633;0.007328;0.37006;3.3958;38.5353;5.2181;0.014656;0.10259;109.7252;21.0832;58.7429;2.5315;1.5378;0.53128;;55.3131;29.0667;3.6063;15.1086;3.6341;0.80242;5.5616;;0.10626;0.010992;1.3074;1.9441;22.6399;16.4095;;;0.43214;313.0965;0.021984;603.3857;3116.0224;4.3148;55.5408;0.032976;56.1517;9.1104;;;2.9165;3.4445;4.7004
1964;0.83855;2.0152;5.643;;1.2229;;0.0916;55.67;3.078;0.66028;108.8758;38.8964;29.7201;1.0845;1.5975;2.9746;0.17954;46.1914;103.554;0.084272;0.1429;0.20152;;1.48;0.49687;7.1334;;56.6667;0.007328;0.34075;42.8181;0.10992;0.047632;0.34072;0.33709;237.5777;0.029253;;0.07328;0.098928;17.5051;435.7037;21.6829;0.010992;0.26747;;0.67406;0.76211;7.7761;14.279;9.5633;0.99997;125.4239;1.974;43.1469;0.084272;0.014656;1.7465;2.1423;25.4912;1.2307;0.025648;;12.618;0.40653;0.12091;;0.42491;22.8277;345.5381;;0.065952;0.19053;0.029312;8.1028;968.9175;1.6488;;13.2016;0.3151;0.021984;;1.769;0.69982;0.058624;0.64853;0.30021;0.72151;4.2201;62.3412;1.3076;150.639;22.3743;47.5191;9.064;14.2161;9.1373;175.7211;4.0622;358.8911;1.2408;138.4655;2.8233;0.01832;25.3146;5.9242;0.17221;7.4734;3.2611;;0.48365;0.66318;;11.6998;12.2956;0.12824;5.1074;0.48347;0.32964;7.3994;;0.17587;0.4983;;;0.11725;0.30778;74.2001;;11.2387;2.0445;0.90841;0.007328;4.415;2.139;2.8574;;0.029312;0.15022;96.7766;1.0992;13.092;0.94874;0.095264;7.2667;;35.6182;16.1703;;0.010992;16.039;;1.2416;0.26747;0.43226;12.2528;12.8228;242.8805;11.0074;6.2691;0.1548;;72.037;1098.7224;0.03664;;;0.021984;0.047632;0.01832;0.025648;0.010992;7.0412;0.9225;20.5784;0.007328;0.30411;3.6998;40.1044;5.9119;0.01832;0.13557;119.546;22.1952;64.3238;2.2714;1.7025;0.60456;0.010992;60.3681;28.1257;4.3613;16.9072;3.8648;1.0332;7.4703;;0.1319;0.010992;3.7915;2.7535;26.303;17.4514;;;0.49068;332.9609;0.01832;607.866;3252.7552;4.5527;59.0674;0.062288;56.55;11.7878;;;3.631;3.275;4.4691
1965;1.0069;2.1728;6.5885;;1.1862;;0.15022;58.8048;3.2651;0.59239;120.8527;38.1406;31.5272;1.3154;1.2274;3.1213;0.20518;48.9997;105.3308;0.084272;0.15022;0.17954;;1.5093;0.44578;7.3395;;56.3296;0.007328;0.33342;46.2691;0.10259;0.03664;0.40283;0.31144;251.917;0.025589;;0.087936;0.10626;17.7473;474.6806;22.8587;0.014656;0.24549;;0.84591;1.1725;8.0008;14.5941;8.58;1.1501;122.2111;2.4685;44.2934;0.12091;0.014656;1.5453;2.274;27.6095;1.0402;0.029312;;13.3852;0.64448;0.13557;;0.34427;25.3001;352.1116;;0.084272;0.21618;0.029312;8.5954;960.1022;1.7038;;16.999;0.34442;0.021984;;1.9739;0.69616;0.065952;1.0772;0.30393;0.75073;4.8025;61.2341;1.3955;165.9614;24.6682;53.7184;19.2931;13.7174;12.9288;189.5284;2.9886;386.4712;1.4204;146.8841;2.4639;0.010992;35.3906;6.2841;0.17954;7.9277;3.312;;0.55693;1.0149;;12.4109;12.1929;0.1319;5.255;0.55678;0.34796;8.3802;;0.19786;0.47266;;;0.16122;0.30411;75.1679;;11.9375;1.9566;0.93466;0.003664;4.2544;2.0033;2.7255;;0.032976;0.17954;100.4036;1.2311;13.6853;0.78016;0.0916;11.7501;;44.2221;16.3899;;0.025648;16.8296;;1.5272;0.30411;0.54948;11.9515;13.9647;246.9809;11.5825;6.2874;0.20213;;78.6369;1165.5583;0.047632;;;0.025648;0.040304;0.014656;0.029312;0.010992;4.2163;1.692;21.1731;0.007328;0.28213;2.5273;39.0771;6.0828;0.025648;0.1319;128.14;24.9783;71.0205;2.656;2.2231;0.79509;0.080608;62.5622;30.3289;3.6723;17.8448;4.0997;1.1615;7.4402;;0.1319;0.010992;5.1911;2.4604;27.353;18.5124;;;0.62601;353.1631;0.021984;622.1116;3388.1927;5.5163;62.6578;0.047632;60.7296;13.1499;;;3.9278;3.9123;5.2092
1966;1.0912;2.5501;8.4209;;1.5525;;0.34808;63.0727;3.448;0.55394;120.2193;39.2086;33.2943;1.0919;0.64853;3.1763;0.26747;51.7457;105.0967;0.080608;0.11358;0.20152;;1.6888;0.41685;7.2728;;64.2116;0.010992;0.49098;48.716;0.10259;0.047632;0.46875;0.34442;259.0744;0.021984;;0.084272;0.084272;18.7725;521.4589;23.4742;0.01832;0.30778;;0.99247;1.2384;7.9279;15.1694;8.0232;1.2417;121.5214;2.4025;50.0784;0.13923;0.014656;1.6697;2.4167;26.5322;1.3038;0.025648;;14.1353;0.82398;0.13923;;0.32225;29.4888;347.6048;;0.12091;0.38106;0.032976;9.0771;951.422;1.44;;18.6206;0.38838;0.029312;;1.7396;0.71814;0.065952;1.1798;0.30396;0.80566;5.1616;61.6729;1.4944;171.6884;23.375;64.1034;27.6761;15.0949;13.5814;213.9823;3.516;419.2451;1.5813;155.1159;2.6801;0.010992;35.1231;6.6361;0.2345;8.372;3.6229;;0.61189;2.6271;;13.1062;11.6104;0.15022;5.2073;0.5787;0.42851;9.8344;;0.19053;0.41403;;;0.17954;0.2748;80.8446;;12.6232;1.9529;0.92617;0.007328;5.4595;2.1242;2.8061;;0.032976;0.19053;103.5575;1.5096;14.0003;0.95964;0.13551;12.8932;;47.5999;19.5401;;0.029312;17.1258;;1.6555;0.34075;0.51284;13.2411;16.1041;252.431;11.8351;6.2728;0.22015;;84.0907;1230.9175;0.043968;;;0.029312;0.043968;0.01832;0.025648;0.010992;6.4073;1.7176;20.9805;0.007328;0.30045;0.6726;38.8564;6.0274;0.025648;0.13923;128.2349;29.9822;77.617;2.6597;2.4212;1.0955;0.20152;72.5174;31.4856;4.9109;19.4616;4.3294;1.3701;9.4654;;0.17954;0.010992;4.0515;2.8816;31.5058;19.5498;;;0.73232;372.9109;0.025648;618.0747;3559.1792;5.3988;66.1684;0.076944;56.974;19.1811;;;3.4625;3.4982;6.0409
1967;1.2819;2.6784;8.4316;;0.99181;;0.56426;65.476;3.6053;0.68236;129.1442;39.9156;34.814;1.701;1.0039;3.3711;0.33709;54.1075;107.361;0.12091;0.1429;0.21251;;1.8904;0.51349;7.3461;;66.0794;0.003664;0.43968;55.1077;0.10259;0.047632;0.41746;0.458;281.637;0.01832;;0.0916;0.11725;19.2383;432.2236;24.6868;0.01832;0.32243;;0.87525;1.3593;8.0077;15.7369;9.8831;1.3623;121.2679;2.2888;49.0264;0.087936;0.021984;1.5669;2.5889;19.6499;1.1573;0.025648;;14.7805;1.073;0.16854;;0.35523;28.5877;372.4753;;0.13923;1.0113;0.032976;9.4914;936.2294;1.4949;;19.5042;0.4177;0.03664;;1.9813;0.72547;0.047632;1.3227;0.26;0.87525;6.0521;58.7708;1.4431;172.0931;24.54;67.8809;18.373;16.3948;13.5279;234.1297;3.8642;489.3074;1.413;162.1958;2.6984;0.021984;25.4208;6.9389;0.31877;8.7541;3.5646;;0.61189;18.4922;;13.7043;11.3503;0.16488;5.2598;0.84248;0.36622;10.1276;;0.2235;0.52029;;;0.19786;0.4983;90.0055;;13.2105;2.1251;0.9355;0.007328;5.4083;1.8713;3.6158;;0.047632;0.21251;106.6822;1.4729;13.6268;1.0805;0.13181;12.8245;;52.392;19.3042;;0.13557;18.1759;;1.6957;0.43602;0.48725;13.6403;18.2089;259.0255;12.3916;6.6831;0.26533;;92.0288;1287.1255;0.040304;;;0.032976;0.051296;0.01832;0.025648;0.010992;25.4855;0.69914;21.1918;0.007328;0.25282;3.0539;38.7752;6.0881;0.032976;0.22717;133.7601;35.1132;86.394;2.9451;2.9181;1.3337;0.22717;68.9297;32.5194;4.6032;21.9699;4.527;1.7581;12.1501;;0.19786;0.014656;4.6342;3.0832;33.4791;20.442;;;0.80918;389.902;0.916;592.057;3693.2982;4.8788;69.1881;0.084272;65.7524;22.9622;;;3.0521;4.7876;5.2945
1968;1.2234;3.0704;9.0502;;1.6695;;0.98928;69.0092;3.7066;0.63451;134.4969;42.2971;35.792;1.6277;1.1029;3.8657;0.43968;55.6275;118.4376;0.10259;0.15389;0.2235;;2.1761;0.47748;7.8569;;77.2714;0.014656;0.42869;59.4635;0.10259;0.05496;0.49074;0.50563;303.2613;0.029282;;0.1832;0.12458;21.2022;467.8056;26.5728;0.01832;0.45067;;1.0364;1.5975;8.5643;16.0195;9.1901;1.6222;126.8758;3.366;53.2727;0.12091;0.021984;2.3473;3.1126;22.8726;1.2598;0.029312;;15.1957;1.725;0.1832;;0.3955;33.2815;385.101;;0.15389;1.9602;0.03664;9.758;984.7908;1.7615;;22.2863;0.54227;0.040304;;2.1391;0.74746;0.062288;1.33;0.26363;1.2232;6.198;61.0932;1.5934;187.1046;27.5626;82.3296;19.6957;17.8016;13.7942;249.1722;3.8785;561.9126;1.504;166.7522;2.8154;0.032976;22.4237;7.1337;0.16854;9;3.6933;;0.88282;30.1144;;14.0892;12.259;0.16854;5.6255;0.91207;0.38815;10.5302;;0.19786;0.63754;;;0.2345;0.63754;93.8872;;13.5911;2.4802;1.0006;0.007328;5.6202;2.7762;2.9268;;0.047632;0.25282;113.4455;1.8393;13.4731;1.2307;0.16113;6.6259;;59.269;21.1137;;0.16122;20.8418;;2.0182;0.50197;0.58981;14.4866;22.2228;275.801;12.9924;7.0752;0.25862;;100.0794;1323.3053;0.05496;0.003664;;0.03664;0.040304;0.021984;0.029312;0.014656;29.0791;;22.6652;0.007328;0.36274;5.4131;40.5684;6.5114;0.03664;0.15389;137.9538;37.1971;97.0172;3.2381;2.8442;1.4509;0.27846;77.606;35.9813;5.9539;24.1406;4.6542;1.6518;17.0757;;0.19419;0.014656;4.0369;3.5923;36.2655;21.0163;;;0.98133;400.83;1.2421;606.4883;3828.3061;4.8784;71.1314;0.062288;65.5721;23.6009;;;11.6369;4.5676;6.3777
1969;0.94123;3.2426;11.263;;2.7831;;1.2568;77.2489;3.8601;0.83041;142.1238;44.6384;37.2751;1.7408;1.2714;3.7493;0.47998;57.9325;123.4918;0.13557;0.20152;0.19786;;2.5462;0.62489;8.1463;;84.1327;0.01832;0.48731;66.3077;0.12091;0.07328;1.3445;0.57158;307.1192;0.036581;;0.18686;0.16122;22.5315;575.9447;28.0163;0.01832;0.50197;0.010992;1.1462;1.8906;8.8796;17.2433;12.0274;1.6698;134.693;3.648;59.3426;0.084272;0.01832;2.6512;3.5889;19.6648;1.1902;0.043968;;15.8253;1.6664;0.21251;;0.43214;37.8968;413.7595;;0.16122;1.4326;0.047632;10.1624;1052.0008;1.6875;;25.4343;0.4067;0.047632;;2.2781;0.74746;0.058624;1.3667;0.3149;1.1756;7.7515;62.3582;1.2637;190.4004;33.3622;83.0387;22.6013;18.4944;14.8009;269.661;4.2669;653.2154;1.7568;173.6618;3.1265;0.010992;26.8095;7.4293;0.31877;9.373;4.3441;;1.2711;35.5222;;14.673;13.1822;0.16854;5.8327;0.84975;0.38076;9.1378;;0.16122;0.65219;;;0.2748;0.57158;102.1762;;14.1592;2.6818;1.0374;0.007328;5.8174;3.2378;3.2126;;0.065952;0.39938;115.8021;1.5572;14.257;1.2856;0.19044;12.0999;;64.0794;22.1938;;0.2345;20.2134;;2.0511;0.55693;0.52014;15.2853;22.8295;293.3653;14.5928;7.1666;0.34839;;111.5274;1378.1502;0.058624;;;0.062288;0.032976;0.029312;0.029312;0.014656;35.271;0.49014;23.4997;0.007328;1.0845;7.1972;43.068;6.7511;0.03664;0.16122;143.1428;42.4682;96.7369;4.3151;3.8316;1.5206;0.30411;86.3811;38.047;7.2326;26.291;4.847;1.7947;14.54;;0.24182;0.010992;3.9012;3.8521;38.7527;21.8871;;;1.1754;417.4261;20.5074;628.3825;4021.5026;5.5894;74.0789;0.043968;68.9332;27.0556;;;4.6753;4.2709;6.7439
1970;1.6704;3.7409;15.059;;3.5779;;0.46166;82.648;4.0601;0.92876;147.4798;50.6317;39.2062;2.5688;2.5904;3.8032;0.42869;60.9336;125.4905;0.12091;0.28213;0.22717;0.003664;2.4837;0.69891;10.6456;;93.5305;0.01832;8.2037;61.174;0.1429;0.062288;1.1723;0.63742;341.1772;0.036581;;0.20885;0.12458;24.6358;770.1672;28.3701;0.029312;0.57158;0.010992;1.2487;2.2424;11.6049;18.6541;13.4519;1.7027;154.4275;2.7097;62.0393;0.13923;0.025648;3.1051;4.2782;21.654;1.4283;0.03664;;16.6451;1.6517;0.25648;;0.52005;40.355;439.6251;;0.19419;2.0812;0.047632;10.6888;1026.0223;2.6216;;24.1262;0.38106;0.043968;;2.2964;0.79142;0.069616;1.5792;0.38448;1.388;8.3925;69.9346;1.3883;194.729;35.7914;91.7875;23.8838;19.3937;16.5594;296.3645;4.9886;767.9631;1.5557;182.6582;3.0782;0.021984;25.0215;7.8141;0.57158;9.8585;3.9407;;1.4506;32.3051;;15.433;13.7354;0.20518;7.6221;0.97066;0.45407;14.5859;;0.20152;0.66318;;;0.42869;0.4983;113.9507;;14.9043;2.8465;1.3557;0.014656;7.282;2.9809;4.6123;;0.065952;0.22717;141.8033;2.3926;14.18;1.4028;0.21606;21.52;0.003664;73.4763;27.9787;;0.2345;20.5044;;2.2011;0.6925;0.74344;17.7658;24.7514;304.1434;15.2365;7.5615;0.40426;;119.9815;1449.5706;0.058624;;;0.065952;0.03664;0.029312;0.029312;0.014656;45.2513;1.3071;30.7105;0.029312;0.85738;18.1925;49.3782;8.8228;0.040304;0.21618;149.6182;53.7164;116.7665;3.5931;4.4463;1.6085;0.3664;92.287;40.2443;6.6499;28.734;5.0981;1.7654;15.3525;;0.2748;0.025648;8.9904;3.7387;42.5792;23.0209;;;1.4428;439.0199;15.2349;652.5774;4325.5008;5.7358;77.9161;0.040304;74.4894;28.173;;;2.5098;3.7659;8.1541
1971;1.8939;4.3492;18.6495;;3.4054;;0.42502;88.8443;4.3144;0.80832;152.6295;52.0692;41.6137;6.7237;3.0375;3.6061;0.48365;64.663;121.3706;0.1429;0.29312;0.23083;0.003664;3.0589;0.60828;11.4727;;102.3579;0.021984;7.5112;64.2197;0.15022;0.07328;0.24891;0.80918;352.2851;0.03661;;0.1832;0.15022;27.057;874.0164;30.2819;0.029312;0.68517;0.010992;1.527;2.4549;12.4997;19.5884;11.7075;1.8835;161.9773;2.9587;57.0095;0.16122;0.025648;3.5187;4.2194;23.0124;1.5088;0.065952;;17.672;1.8495;0.26014;;0.54927;40.5368;463.1427;;0.22717;2.8433;0.05496;11.3468;1037.2361;2.2915;;27.7495;0.46899;0.047632;;2.4393;0.81341;0.07328;1.4986;0.40274;1.3294;9.1506;69.2094;1.4721;205.3295;38.9554;101.6278;28.8319;22.4761;16.2189;311.0492;5.7472;796.5444;1.6544;193.8585;3.6791;0.029312;27.1173;8.298;0.42136;10.468;5.3006;;1.5239;21.6283;;16.4099;13.1947;0.22717;8.2148;1.0256;0.5017;16.6594;0.003664;0.22717;0.65952;;;0.39938;0.39571;126.2114;;15.822;3.0324;1.4611;0.014656;8.1903;3.611;5.0995;;0.087936;0.19786;140.6662;2.4182;15.049;1.5054;0.23071;32.2515;0.003664;107.453;27.1662;;2.0921;19.4406;;2.6003;0.8244;0.63363;18.5926;27.5517;312.8808;16.3757;9.1443;0.41495;;125.6815;1538.2421;0.062288;;;0.069616;0.047632;0.029312;0.03664;0.010992;59.7566;1.351;33.0925;0.032976;0.80242;16.5771;51.8048;9.5024;0.047632;0.18686;168.3923;58.5498;128.4585;3.1935;4.5637;1.7145;0.39938;84.509;41.8879;8.8742;31.4754;5.4125;2.4615;19.2211;;0.3151;0.01832;8.0964;4.2076;47.6382;24.4382;;;1.4391;465.8754;21.1669;660.3883;4351.3087;5.8019;82.6726;0.058624;62.5002;24.5054;;;1.9712;3.7867;8.7327
1972;1.5312;5.6389;28.3226;;4.5005;;0.37373;90.0611;4.5455;0.78378;157.3355;56.0713;43.792;6.4813;3.6787;3.5064;0.50197;68.035;130.6378;0.15755;0.38838;0.25282;0.003664;3.5681;0.58981;10.7522;0.021984;114.0143;0.021984;9.4531;66.0751;0.16122;0.07328;0.11704;0.86036;380.7866;0.051266;;0.16854;0.12091;28.1416;928.894;31.4261;0.029312;0.66318;0.010992;1.7613;2.7114;11.7041;20.7763;11.3521;2.4059;163.4475;3.0172;59.5939;0.19053;0.025648;4.6689;4.589;25.475;1.6772;0.087936;;18.602;1.4062;0.2345;;0.57856;44.1061;481.6113;;0.21618;2.737;0.065952;11.9425;1041.4795;2.4202;;31.4773;0.55326;0.047632;;2.7066;0.83173;0.065952;1.5609;0.39172;1.5344;9.2756;69.3544;1.4826;217.1819;43.3065;106.0152;29.5205;22.0363;16.8909;328.2375;6.2824;852.1705;1.9136;203.9898;3.8659;0.025648;27.6119;8.7365;0.48731;11.0203;5.6533;;1.5055;15.22;;17.2993;13.4948;0.23083;7.6994;1.2858;0.54564;17.8939;0.003664;0.24549;0.83906;;;0.44701;0.68883;132.3287;;16.6512;3.2759;1.3694;0.014656;8.0361;3.2957;4.8943;;0.076944;0.26747;157.4954;1.7038;16.1896;1.6044;0.2527;41.3876;0.003664;89.5049;29.3954;;2.0885;18.903;;2.7982;1.2677;0.71418;18.1522;26.4094;329.5064;18.3073;10.7754;0.44792;;132.2542;1618.4149;0.065952;;;0.076944;0.069616;0.03664;0.03664;0.010992;70.2817;1.4532;31.0071;0.043968;0.67784;22.2181;52.2878;8.897;0.05496;0.2345;171.5301;60.2773;144.7162;3.5379;4.9265;1.7438;0.38106;84.7034;42.9158;7.7563;35.8725;5.6973;2.1645;21.8055;;0.40486;0.021984;8.2355;4.7314;53.7219;25.7213;;;1.3806;490.1622;23.4349;648.0264;4558.4526;6.0694;86.971;0.062288;62.5141;23.0372;;;1.4949;4.0614;8.2158
1973;1.6372;5.2872;38.2774;;4.8737;;0.32976;93.968;4.7441;0.86946;170.8274;60.0158;45.651;7.8627;5.518;4.5506;0.47998;70.9088;138.6394;0.14656;0.38106;0.42502;0.003664;3.4545;0.65429;12.8439;0.051296;132.0196;0.025648;9.9734;68.7112;0.16854;0.07328;0.12791;0.89691;381.2647;0.062229;;0.16122;0.16122;27.5923;965.6466;33.6322;0.029312;1.2201;0.010992;2.0434;2.8762;13.9744;22.3736;12.5931;2.5035;164.0931;3.1892;59.2218;0.17954;0.025648;5.959;5.2559;23.7611;1.9666;0.029312;;19.3971;1.7509;0.25282;;0.62985;49.3202;517.5783;;0.20885;5.3091;0.062288;12.4513;1085.7363;2.4714;;37.1311;0.55693;0.05496;;2.9336;0.80242;0.10992;1.8027;0.42091;1.5086;9.2865;72.9817;1.7497;223.6023;49.0986;129.4753;30.6127;22.8462;19.2612;353.3492;8.2904;914.2657;2.1996;212.6305;3.9136;0.03664;24.2227;9.1118;0.51662;11.4929;7.0667;;1.4799;14.5751;;18.0668;14.1782;0.2235;9.1977;1.0733;0.57123;17.4941;0.003664;0.26729;0.80608;;;0.46899;0.67784;144.1564;;17.3654;3.4721;1.6359;0.014656;9.6259;3.5589;4.1066;;0.084272;0.42136;165.2599;2.5976;18.2003;1.8276;0.32946;49.5323;0.003664;97.3253;30.4923;;2.1105;20.0085;;3.2372;1.3447;0.86807;19.7321;31.5013;335.59;19.9451;12.4572;0.45189;;144.765;1686.7543;0.069616;;;0.080608;0.040304;0.040304;0.03664;0.014656;95.0535;1.5487;37.0353;0.047632;0.53861;21.1994;52.5086;10.6217;0.065952;0.26381;173.3127;73.0319;154.9573;3.6843;4.97;2.1066;0.37006;87.2898;46.2024;7.8852;40.2464;5.9407;3.1827;24.4202;;0.41151;0.025648;9.3898;4.8234;59.31;26.8172;;;1.1792;510.8441;30.6054;659.5773;4762.4522;5.7687;90.6301;0.05496;66.4329;25.0733;;;2.7296;4.5857;9.2709
1974;1.9157;4.3418;31.8767;;4.8664;;0.42869;95.4694;4.932;0.78808;172.1894;57.2945;47.3994;7.3798;5.4007;4.6566;0.49098;73.6089;134.9504;0.15389;0.4067;0.44334;0.003664;3.5129;0.59304;12.8993;0.087936;142.9273;0.025648;8.178;71.1282;0.20518;0.0916;0.073072;0.97376;389.6052;0.065952;;0.11358;0.15022;25.8833;985.0852;36.3965;0.029312;1.6232;0.010992;1.9041;3.2426;14.0245;22.8853;11.4143;1.9287;165.9676;3.3647;55.0415;0.19419;0.029312;6.4096;6.0836;26.0891;1.97;0.051296;;20.1458;1.7363;0.30045;;0.67019;46.6085;500.0189;;0.21618;5.4484;0.062288;12.9301;1062.7243;2.9328;;36.0617;0.55693;0.03664;;3.0655;0.83906;0.10259;1.5535;0.47209;1.5563;10.6673;74.0102;1.738;231.1847;51.2272;143.7754;30.9095;23.293;19.3689;358.2531;7.5944;914.3068;2.2253;220.7534;4.943;0.032976;19.312;9.4655;0.29312;11.9381;7.0879;;1.7217;9.3376;;18.7947;14.428;0.26747;9.2379;1.1869;0.54924;19.029;0.003664;0.30393;0.74379;;;0.48365;0.6925;154.8687;;18.0402;3.7408;1.6431;0.014656;11.1195;3.1455;4.6709;;0.098928;0.42488;159.9852;2.7807;18.76;1.9483;0.28937;62.2355;0.003664;101.6115;27.6689;;2.334;21.3874;;3.0175;1.5865;0.95222;21.3351;30.4923;346.2366;20.645;10.4785;0.47327;;150.7203;1750.9716;0.07328;;;0.07328;0.043968;0.032976;0.032976;0.01832;98.7018;1.849;37.1887;0.05496;0.52029;21.9468;53.1248;10.6587;0.065952;0.32976;176.4883;75.6331;172.6656;2.9293;5.2047;1.601;0.31144;79.8231;41.4268;9.6544;39.3118;6.1699;2.3035;24.2105;;0.39027;0.021984;10.042;5.3912;60.9287;27.8486;;;1.1938;530.2697;31.3016;617.1839;4592.9583;5.677;94.0649;0.062288;75.0576;19.0646;;;2.2458;4.1972;9.047
1975;2.1245;4.591;32.0012;;4.4088;;0.70715;94.8316;5.1918;0.57071;175.7139;54.2141;49.834;8.2461;5.7488;4.8651;0.56792;77.3727;121.8234;0.17587;0.44334;0.458;0.003664;4.055;0.42947;13.4588;0.18686;150.5137;0.025648;7.0752;72.9117;0.21984;0.076944;0.073072;1.1605;396.7727;0.076944;;0.10259;0.1832;22.9514;1142.1019;35.8114;0.032976;1.0992;0.014656;2.0358;3.9864;14.6225;27.0356;8.266;1.9906;173.6344;3.2328;55.7446;0.19786;0.029312;6.3327;7.3549;31.0599;2.1055;0.062288;;21.1868;1.2085;0.34808;;0.62258;46.0258;447.806;;0.21251;5.3641;0.098928;13.5963;1002.4439;2.7416;;38.6696;0.50563;0.047632;;3.5195;0.84272;0.11358;1.8247;0.48302;1.6659;11.008;75.2883;1.6129;251.1933;53.9337;139.214;33.1203;22.0474;19.5404;341.0526;8.1808;868.5114;2.4892;232.0696;4.9684;0.032976;16.8129;9.9567;0.25282;12.5568;6.2651;;1.4836;11.5684;;19.7985;11.8685;0.29678;9.6392;1.6925;0.5785;19.4243;0.007328;0.34054;0.66685;;;0.5093;0.5899;164.3327;;18.9751;4.0546;1.7144;0.010992;11.0933;2.8824;4.5829;;0.10259;0.35171;152.5255;2.5279;18.2703;1.9266;0.33336;47.3517;0.003664;107.6238;29.645;;7.2511;23.1878;;3.6592;1.5316;0.83849;21.9397;32.4824;374.7801;21.2753;10.9474;0.35297;;162.0064;1840.5008;0.17587;;;0.076944;0.032976;0.032976;0.058624;0.01832;83.2608;2.578;38.7954;0.058624;0.52395;24.5178;55.5931;11.112;0.058624;0.50197;184.9324;81.784;181.0535;2.893;3.8818;2.0187;0.33709;80.7605;39.0511;11.1712;43.4569;6.4885;2.2816;24.3715;;0.31144;0.032976;9.6133;5.5411;65.4194;29.2836;;;1.1318;557.3642;31.0451;603.2474;4400.795;5.9624;98.8572;0.05496;63.7504;21.7797;;;2.1689;4.0762;8.3109
1976;1.9842;4.9464;39.1311;;3.28;;0.40304;99.6657;5.3948;1.2191;174.0747;58.2043;51.7515;6.4574;6.5696;5.5641;0.53128;80.3281;129.6781;0.17587;0.26014;0.46899;0.003664;4.5748;0.91741;13.8902;0.59357;154.3981;0.025648;6.02;72.9522;0.20885;0.087936;0.072774;1.089;398.946;0.07328;;0.12824;0.1832;24.0342;1190.9645;37.983;0.040304;1.2348;0.014656;2.0819;3.9608;15.0786;27.181;17.6575;2.4873;180.3761;3.4049;60.1024;0.19786;0.029312;6.3223;8.1006;34.4505;2.2067;0.062288;;22.0053;1.1747;0.32976;;0.483;51.1986;506.6836;;0.26381;5.7038;0.098928;14.1156;1090.8366;2.4266;;42.6554;0.21984;0.047632;;3.3049;0.88669;0.095264;1.7514;0.67218;1.7749;12.4904;79.8972;1.7007;262.5318;61.7906;156.4591;48.7355;22.293;19.4967;365.7957;7.276;907.1454;2.9446;240.9611;4.5962;0.032976;18.4562;10.3345;0.2235;13.043;5.924;;1.4756;17.8879;;20.5837;11.8666;0.25282;9.949;0.99224;0.58173;23.8575;0.010992;0.34026;0.76211;;;0.51662;0.61922;183.9914;;19.7046;4.39;1.7695;0.010992;11.5279;2.5554;4.8928;;0.10259;0.28184;169.1309;2.3884;19.2485;2.2222;0.33307;55.1896;0.003664;110.0309;29.291;;8.3209;22.7885;;3.6067;1.5719;1.0322;22.4103;35.0662;398.1187;22.3258;10.3749;0.31266;;174.472;1911.3261;0.26747;;;0.084272;0.047632;0.032976;0.047632;0.029312;101.4595;1.7697;40.0311;0.080608;0.45067;29.9985;57.766;11.4573;0.062288;0.47998;192.8239;93.2708;197.7458;2.7988;3.438;1.9965;0.33342;88.2412;40.4371;13.7371;56.0537;6.7366;2.786;28.7162;;0.32243;0.029312;15.9108;5.8414;73.3595;30.4017;;;0.98843;578.7824;39.617;598.5263;4607.1682;5.8871;102.597;0.043968;57.2734;13.9049;;;2.5643;4.0194;10.8549
1977;2.3867;5.7158;41.8449;;3.5275;;0.46533;100.6509;5.5816;0.63676;187.6049;55.9942;53.5109;9.7087;7.4636;5.8026;0.5899;83.0363;126.1999;0.19786;0.29678;0.45434;0.007328;4.4749;0.47917;13.5066;0.78043;162.0783;0.029312;6.39;75.7801;0.24915;0.098928;0.072476;1.559;407.7714;0.080608;;0.12824;0.19786;23.0242;1304.4028;39.2445;0.040304;0.47998;0.029312;2.6074;4.0524;14.6458;29.345;9.2227;2.6989;185.7569;3.477;61.8174;0.19786;0.025648;5.5989;7.4722;37.8151;2.2817;0.062288;;22.7569;1.0468;0.4067;;0.76463;50.1371;481.9868;;0.2748;6.3065;0.11358;14.5917;1052.6041;2.9915;;46.6569;0.72181;0.047632;;3.8045;0.90134;0.10259;1.898;0.70414;1.9974;14.2039;83.075;1.902;277.6483;82.4205;163.7319;43.6295;23.5683;19.7658;354.4179;7.441;933.2387;3.1539;249.1136;5.0352;0.021984;17.2014;10.6806;0.23083;13.4898;5.3855;;1.4714;20.0517;;21.3084;10.9594;0.30778;9.6751;0.8456;0.63608;22.5644;0.014656;0.41347;0.80242;;;0.55693;0.6412;192.7032;;20.3773;4.9607;1.7208;0.025648;12.6796;2.7064;5.1657;;0.11358;0.3364;163.6058;2.139;20.3134;2.8331;0.36584;50.5046;0.003664;113.6652;31.044;;8.5005;24.3199;;3.4554;1.5792;1.1559;23.3028;36.6761;417.9549;22.6051;9.916;0.31694;;178.0767;1976.2968;0.26747;;;0.069616;0.03664;0.032976;0.080608;0.029312;118.0703;2.2373;38.9152;0.084272;0.51296;28.2649;59.5039;11.1269;0.080608;0.79875;199.6463;105.6916;194.8289;2.911;3.4841;1.8975;0.34075;85.7408;41.0377;14.6324;61.0163;6.964;2.0076;32.0649;;0.46166;0.029312;16.1593;6.7487;81.1208;31.4267;;;0.80485;598.4154;38.7513;604.3621;4735.3663;5.6396;106.0188;0.051296;63.6501;15.251;;;2.978;3.7349;9.2844
1978;2.1554;6.4889;62.4553;;5.3998;;0.49098;102.4768;5.7755;0.54229;201.8202;57.2271;55.3467;6.597;7.7604;6.0054;0.63021;85.8664;135.451;0.21618;0.36274;0.42502;0.010992;5.0201;0.40808;15.0928;0.83173;175.9315;0.029312;9.5337;81.1872;0.34808;0.10259;0.051139;1.9932;415.5054;0.20854;;0.14656;0.19419;22.8507;1455.2575;41.5393;0.029312;0.32243;0.029312;2.912;4.8145;16.3569;30.619;7.8544;2.8445;187.415;3.526;61.0959;0.20152;0.025648;5.4303;10.4064;39.261;2.3814;0.069616;;23.5402;1.3685;0.39938;;0.70908;51.8252;506.8283;;0.31144;7.5549;0.13923;15.0885;1079.1273;2.9574;;47.6778;0.39205;0.051296;;4.1171;0.90134;0.10259;2.0555;0.75064;2.0437;15.7141;88.0462;1.9201;281.5392;93.9446;162.1039;42.1931;23.5791;21.0316;371.2742;9.112;901.5914;3.6273;257.6267;5.2967;0.021984;20.9716;11.0417;0.23083;13.955;5.4959;;1.5032;21.1554;;22.058;11.8874;0.41403;10.8119;1.0172;0.66837;23.1717;0.021984;0.39495;0.93432;;;0.58258;0.63021;222.4915;;21.0687;5.7638;1.923;0.025648;13.0534;2.8658;5.1461;;0.11358;0.32897;169.7932;1.5413;18.024;2.6275;0.41678;48.2229;0.003664;108.2129;34.7641;;7.7897;26.0506;;2.8346;1.6744;1.4562;22.4169;37.3802;430.87;22.5849;10.519;0.2864;;193.5394;2044.1249;0.28946;;;0.098928;0.032976;0.03664;0.10626;0.032976;115.0243;2.6196;43.4801;0.076944;0.71082;33.1082;60.0552;12.4256;0.062288;0.55693;201.7712;113.4017;199.5136;3.4355;3.1465;2.3919;0.43968;79.4769;42.1698;15.1814;70.8362;7.2013;2.1973;34.947;;0.35541;0.03664;15.3119;7.4779;76.714;32.4965;;;0.69814;618.9486;44.7536;604.714;4882.964;5.7293;109.6001;0.058624;68.5914;15.389;;;3.1021;3.4709;9.2797
1979;2.2349;7.5808;45.5456;;5.4892;;0.4067;110.5109;5.8251;0.56887;204.8696;61.322;55.803;6.9157;8.1268;6.634;0.6009;86.5579;139.7873;0.20885;0.3664;0.46166;0.021984;4.7301;0.42809;16.4158;0.94165;187.1551;0.029312;7.4343;78.9044;0.4067;0.10992;0.029312;1.8153;441.6469;0.24915;;0.10259;0.20152;24.7409;1487.1131;44.2727;0.021984;0.34808;0.025648;2.781;5.4191;17.7831;31.6321;8.2394;3.0448;182.4977;3.7401;62.9776;0.36274;0.032976;6.7856;12.1405;42.8895;2.3767;0.062288;;23.7363;1.8441;0.47998;;0.83646;54.2372;530.3821;;0.28213;6.7468;0.14656;15.2094;1117.8822;2.6492;;50.8183;0.57158;0.047632;;4.678;0.94531;0.10992;1.5206;0.7499;1.9262;15.8376;86.0818;1.9822;295.299;95.1462;163.6733;52.8231;27.402;20.8643;385.2559;8.5296;953.0729;3.7769;259.7215;5.0118;0.025648;17.6277;11.1278;0.2235;14.0721;5.7852;;1.9419;25.9264;;22.2554;12.1698;0.41403;11.7601;1.1302;0.63482;27.1949;0.029312;0.42791;0.90501;;;0.60456;0.65952;240.7145;;21.2324;6.2773;2.0916;0.025648;15.9311;2.6346;5.086;;0.11358;0.51236;187.0072;1.6399;16.4944;1.7093;0.47901;70.1856;0.003664;110.263;34.2156;;7.7164;28.1345;;3.1808;1.7954;1.3277;22.2186;38.031;441.3086;24.8557;14.3424;0.29739;;195.6764;2061.0096;0.29678;;;0.15022;0.03664;0.029312;0.095264;0.032976;138.0043;2.8881;47.287;0.12091;0.67784;36.0573;58.4997;13.5079;0.10992;0.48731;218.5481;133.2189;202.7462;3.809;3.2665;2.2928;0.44701;84.8691;39.8645;22.4846;75.4992;7.2591;2.0628;36.5865;;1.3813;0.040304;16.7071;8.7503;75.038;32.7567;;;0.67282;624.0669;36.5465;644.5133;4894.0429;6.2624;110.4545;0.062288;76.4474;16.2484;;;3.2185;3.5965;9.4317
1980;1.757;5.1662;66.4165;;5.3344;;0.1429;108.52;6.0568;0.58543;220.531;52.0257;57.9982;7.9721;7.8813;7.621;0.67418;89.9443;134.8367;0.19053;0.50746;0.43602;0.021984;4.659;0.44055;16.1406;0.98562;185.7583;0.029312;6.8773;77.2247;0.43235;0.14656;0.28579;3.8859;442.8173;0.12091;;0.10626;0.20885;25.1146;1458.8867;44.1808;0.047632;0.40553;0.029312;2.4485;5.5693;17.4674;31.3043;8.4793;3.2599;184.6102;3.485;60.3479;0.34808;0.03664;6.427;13.4072;45.176;2.1194;0.058624;;24.6728;1.8175;0.42136;;0.79242;58.1395;506.1981;;0.29312;6.6247;0.15755;15.8043;1100.0595;2.5481;;50.8883;0.56426;0.047632;;4.4926;0.96363;0.14656;1.788;0.74507;2.0443;16.6002;86.709;1.861;312.4849;94.8856;120.5645;45.3582;26.2708;20.9845;386.4334;8.4454;944.8703;4.6958;269.9056;6.1515;0.029312;24.6162;11.5606;0.18686;14.6283;5.8898;;2.0376;26.7805;;23.1503;11.0822;0.52762;11.564;1.6139;0.708;27.8973;0.043968;0.39134;1.0223;;;0.63021;0.5899;268.2858;;22.0647;6.8552;2.0568;0.014656;15.9151;3.1985;5.5088;;0.12458;0.5413;176.6319;1.9986;17.4789;2.0223;0.57017;68.0352;0.003664;114.0822;38.0236;;6.0419;31.9316;;3.1076;1.8283;1.4881;24.0627;36.8686;463.329;26.7736;13.0817;0.31205;;196.199;2142.0907;0.49464;;;0.11358;0.03664;0.03664;0.098928;0.040304;169.2398;3.3364;46.4834;0.095264;0.60822;31.3433;59.196;13.2663;0.10259;0.81341;228.0597;134.8886;213.9116;3.3886;3.4267;2.3694;0.46533;71.7142;40.49;20.7267;83.1194;7.5432;1.8737;39.9562;;0.7933;0.040304;16.9194;9.4653;75.2124;34.0376;;;0.62631;648.5996;36.8234;579.036;4716.7164;5.8185;114.7442;0.062288;90.6406;16.7857;;;3.3135;3.5233;9.614
1981;1.9794;7.3353;46.342;;5.2668;;0.10626;101.8197;5.9494;0.55762;230.1326;55.8337;56.9002;2.7984;8.5188;7.9118;0.68517;88.2142;123.5745;0.1832;0.41765;0.38838;0.025648;4.781;0.41962;17.5653;1.0076;170.4679;0.043968;1.4693;80.0579;0.55693;0.15755;0.30045;5.3191;429.5983;0.032976;;0.13557;0.20885;24.3661;1442.7823;44.2677;0.047632;0.47072;0.065952;2.2362;3.8655;19.0014;32.6273;8.0765;3.095;182.572;3.7554;51.7726;0.30045;0.03664;6.1352;16.6528;50.9027;1.8187;0.069616;;24.2127;1.86;0.43968;;1.0772;51.4035;455.6122;;0.32976;6.564;0.15755;15.5022;1048.5166;3.0299;;50.1249;0.52762;0.058624;;3.9495;0.98928;0.1429;1.799;0.75893;1.812;18.6167;86.4616;1.747;337.1052;100.3136;112.5286;31.9015;26.0607;21.0175;375.3006;7.4086;926.8374;5.8252;264.7538;6.4731;0.029312;25.1396;11.3409;0.15022;14.3576;5.8443;;1.9349;28.668;;22.7574;9.4961;0.53494;12.5851;1.0245;0.60152;30.6898;0.047632;0.39488;1.1432;;;0.63387;0.54227;284.3673;;21.668;6.6147;2.2384;0.01832;15.8268;2.479;5.623;;0.12458;0.4532;164.1099;1.3903;16.561;2.1349;0.68379;65.8105;0.003664;114.3949;40.2995;;6.0126;34.2328;;3.3227;1.9309;1.3854;24.0193;34.5282;408.9969;27.0007;12.8407;0.3032;;197.7302;2101.2213;0.6009;0.007328;0.05496;0.095264;0.040304;0.03664;0.10259;0.043968;175.3034;3.2799;50.5817;0.098928;0.6925;26.7406;58.5628;14.4302;0.13557;0.2748;256.9045;139.7775;206.0958;4.0056;3.3296;2.0283;0.43602;69.3891;38.8117;26.5346;74.567;7.4002;2.1068;37.8168;;0.7053;0.047632;17.2424;9.8002;79.1862;33.387;;;0.52734;636.1434;36.7669;560.555;4530.3698;5.356;112.5003;0.051296;91.7916;17.6907;;;4.2254;3.358;9.4054
1982;2.0955;7.3024;39.173;;4.6352;;0.29312;103.2066;6.0647;0.62347;233.8886;53.5661;57.9759;2.2585;9.8305;8.5777;0.64486;89.8732;117.1028;0.17221;0.47734;0.39571;0.032976;4.3379;0.46917;16.1353;1.0992;170.7893;0.03664;2.0921;89.8117;0.57525;0.15755;0.33709;6.3159;414.4264;0.03664;;0.1429;0.20518;20.4878;1570.4683;45.6884;0.047632;1.3431;0.051296;2.0706;5.5546;17.4297;34.4206;9.0302;3.1564;180.7746;3.047;53.6839;0.34808;0.040304;6.3035;19.2351;56.4312;1.7521;0.07328;;24.6732;1.4739;0.458;;0.83512;42.9768;438.0107;;0.33709;6.5436;0.16122;15.7935;1015.7269;3.0284;;51.5082;0.51662;0.062288;;3.6068;0.98195;0.1429;1.4033;0.8173;1.7531;19.6228;86.7136;1.5928;347.8156;105.6036;137.515;30.3744;25.5656;23.8547;366.8796;6.2142;897.4097;6.2557;269.7465;4.6338;0.025648;21.0903;11.5551;0.15755;14.6315;5.7194;;0.59741;30.5651;;23.205;8.9352;0.48365;11.562;1.0133;0.59135;30.4075;0.047632;0.36513;1.3117;;;0.88302;0.50197;304.6776;;22.0618;6.7123;2.0564;0.01832;17.0277;2.5239;5.5795;;0.12458;0.44236;133.4872;1.2618;18.2703;2.1107;0.74587;65.3936;0.003664;116.8921;41.0222;;5.7305;37.1896;;3.2785;1.9456;1.3641;23.59;34.8385;420.9704;29.0001;12.3349;0.31877;;195.3292;2140.7791;0.60822;0.003664;0.065952;0.11358;0.040304;0.040304;0.11358;0.047632;157.8914;3.0366;46.4482;0.084272;0.55326;29.6058;57.9988;13.2341;0.12091;0.71814;280.249;141.9832;208.5981;4.4669;3.4985;1.8706;0.43602;62.2574;36.585;24.3645;74.854;7.54;2.1483;37.6356;;0.81661;0.043968;18.4052;9.4929;86.2103;34.0142;;;0.5453;648.1716;36.7528;548.241;4301.9707;4.8538;114.6055;0.051296;93.201;18.3319;;;5.9336;3.5108;8.7799
1983;2.5201;7.6248;52.5039;;5.1005;;0.084272;104.9789;6.1583;0.32042;224.785;51.6691;58.805;2.0144;8.222;8.2138;0.68517;91.1329;101.2027;0.17221;0.43965;0.45067;0.029312;4.2781;0.24113;17.375;1.0296;165.427;0.040304;2.704;90.0258;0.59357;0.20518;0.3664;6.5545;408.3097;0.03664;;0.14656;0.20518;20.6892;1655.8105;49.2189;0.047632;1.1425;0.051296;2.0888;4.5177;18.7713;30.697;4.641;3.1506;180.9967;3.998;50.1673;0.34808;0.040304;7.8656;19.5026;56.9805;1.8854;0.062288;;25.0327;1.8348;0.48731;;0.70893;41.4637;423.9521;;0.42136;5.5086;0.16122;16.0166;1011.5972;3.639;;54.7887;0.36274;0.062288;;3.1599;0.95264;0.1429;1.2458;0.88603;1.9824;20.9121;88.9749;1.5415;376.6763;105.207;149.2134;38.4651;25.728;23.7088;358.4096;6.4451;880.9115;7.2999;273.565;4.5946;0.021984;21.5412;11.7196;0.17954;14.8467;6.9422;;0.70652;30.146;;23.5798;8.3762;0.6815;12.4502;0.6504;0.57167;37.7782;0.051296;0.41662;0.99661;;;0.93798;0.59723;278.3062;;22.392;6.9691;2.2144;0.021984;17.7635;1.9545;5.7538;;0.12458;0.49242;137.3575;1.1512;17.9981;1.9967;0.96184;59.7052;0.003664;125.1631;37.4724;;7.5259;40.0222;;3.4797;2.0079;1.4102;20.3823;35.2391;421.0237;29.9019;11.2426;0.32549;;200.1164;2171.0891;0.69616;0.003664;0.051296;0.10259;0.032976;0.047632;0.11358;0.05496;160.8347;2.6114;50.0189;0.098928;0.68883;34.8104;58.0898;14.2525;0.1429;0.93432;291.7052;151.0378;203.4347;4.8549;3.5707;1.3721;0.27114;58.269;40.0221;27.7745;82.4673;7.6477;2.1963;42.1173;;0.62247;0.047632;16.2755;11.2497;89.8124;34.4944;;;0.61448;657.2896;35.2205;545.4858;4335.9166;3.8035;116.1777;0.05496;92.9079;19.2553;;;6.2856;3.2608;10.4251
1984;2.8224;7.819;70.9465;;4.9859;;0.14656;106.283;6.2197;0.80014;236.3612;54.215;59.3325;1.854;9.2003;9.1008;0.74133;91.9281;104.9675;0.17221;0.4856;0.44334;0.051296;4.0293;0.60212;18.3234;1.0442;167.6056;0.040304;1.9163;87.0063;0.46533;0.21984;0.41037;6.0529;425.1993;0.084272;;0.15022;0.21618;22.0228;1802.3171;48.7127;0.047632;1.1395;0.021984;1.9809;5.1333;19.7983;32.4373;11.5891;3.2338;187.0944;3.9316;50.8559;0.35174;0.043968;7.3905;21.1895;63.7043;1.5883;0.080608;;25.2632;1.6503;0.4983;;0.57721;42.1474;407.301;;0.458;5.9795;0.17221;16.1576;1033.2367;2.5671;;56.2843;0.56792;0.062288;;3.4011;0.97829;0.16122;1.4033;0.90315;1.9635;22.2248;90.6862;1.8086;385.9288;112.4873;149.9427;39.771;25.5487;23.4984;364.6016;5.1408;937.0721;8.2469;275.9853;4.2531;0.021984;28.2852;11.824;0.1832;14.9853;6.7132;;0.69543;28.2762;;23.8297;9.0168;0.60456;13.1297;0.86637;0.55294;34.4739;0.058624;0.43482;1.363;;;0.87203;0.62654;277.5097;;22.6009;6.4247;2.3352;0.021984;17.7829;1.5109;6.5485;;0.12458;0.70142;144.073;1.2022;19.3366;1.846;0.99095;69.4059;0.003664;134.6616;40.4297;;8.0535;42.5573;;2.8674;2.0445;1.4917;20.619;30.8313;432.4673;28.794;12.298;0.2919;;188.8166;2190.2891;0.63387;0.003664;0.051296;0.11358;0.03664;0.065952;0.11358;0.051296;155.5102;3.2842;52.7511;0.098928;0.61555;33.2168;60.057;15.0321;0.1429;0.71448;315.3733;164.0488;197.6668;3.8521;3.2013;1.552;0.33342;57.3088;39.1279;32.849;84.1395;7.7161;2.347;45.5557;;0.6933;0.047632;17.5044;11.4885;94.9062;34.798;;;0.58138;663.0675;46.1556;529.1089;4468.262;3.4382;117.1616;0.05496;93.0029;17.4744;;;7.097;2.8044;9.8797
1985;3.5019;7.8739;72.6091;;4.6761;;0.24915;100.3662;6.7083;0.93653;240.988;54.3672;63.9894;1.5096;10.1859;10.2112;0.83628;99.1444;104.0054;0.19053;0.72574;0.45067;0.062288;4.1098;0.70476;18.6911;1.1578;179.9368;0.047632;2.5941;89.183;0.47632;0.23083;0.4177;6.4706;421.6756;0.084272;;0.16122;0.17954;21.3121;1951.7732;48.0917;0.047632;1.2752;0.021984;2.2425;6.9836;20.1929;32.4051;13.5645;3.1444;184.5288;3.6119;60.0646;0.35907;0.047632;7.2415;19.3527;63.8072;1.9653;0.065952;;27.2464;1.7987;0.51662;;0.57299;49.5494;402.4593;;0.58624;6.2985;0.17221;17.4248;1044.1101;3.3017;;59.7712;0.5093;0.062288;;3.4968;0.99294;0.17221;1.418;0.92952;1.8894;22.8814;85.947;1.6214;424.256;121.6304;159.9471;44.1964;26.749;24.6128;368.983;5.0419;912.403;8.4215;297.6494;3.716;0.021984;29.0702;12.7521;0.20152;16.1617;7.7649;;0.71608;31.0022;;25.7017;9.2486;0.7328;13.3932;1.053;0.55341;36.0141;0.065952;0.40538;1.1981;;;0.65586;0.70715;288.4057;;24.3443;8.9979;2.3821;0.025648;17.8335;1.1349;6.6755;;0.12458;0.67602;146.9802;1.451;21.858;1.9848;0.99441;69.6359;0.003664;144.2847;40.6872;;8.6185;46.8135;;2.6133;2.1251;1.5485;19.4399;27.8991;444.5078;27.1299;12.3778;0.33923;;193.9069;2362.1321;0.61555;0.003664;0.051296;0.12824;0.032976;0.065952;0.11358;0.05496;172.4185;2.6505;53.8081;0.15022;0.66318;33.2666;59.2471;15.3311;0.15022;0.85738;323.6589;178.4848;199.931;3.9166;3.72;1.5959;0.43968;62.3647;39.78;29.3894;83.9175;8.3217;2.3379;48.2304;;0.65741;0.047632;20.7231;11.8709;105.6626;37.527;;;0.6179;715.1954;49.6525;559.6281;4484.3382;3.2838;126.3618;0.12091;101.0265;21.0685;;;8.5734;2.7327;10.2137
1986;3.1341;8.0498;76.0804;;4.6338;;0.24915;103.9339;6.7341;0.17954;239.7222;53.7295;64.1605;1.4106;11.003;11.4337;0.90607;99.3775;102.3678;0.20518;0.66543;0.42136;0.05496;3.7637;0.1351;19.5199;1.0662;197.2262;0.05496;2.2973;91.1283;0.47998;0.2345;0.43235;1.9932;404.6601;0.058624;;0.16122;0.18686;22.0437;2052.242;48.7688;0.043968;1.0624;0.021984;2.5775;5.5766;21.0826;33.3752;2.6004;3.6052;185.7822;3.3457;58.9063;0.37739;0.047632;8.1211;15.1941;74.3929;1.9675;0.080608;;27.327;2.1952;0.49098;;0.59809;53.2147;387.4211;;0.60456;4.9508;0.16122;17.4677;1047.4633;3.0303;;58.2737;0.3261;0.065952;;3.6646;0.99661;0.1832;1.0442;0.83022;1.8286;25.5259;83.2407;1.779;455.0665;122.2043;147.536;47.2296;28.5495;26.3481;363.1882;4.5474;912.2622;9.1651;298.395;4.073;0.01832;35.2303;12.784;0.20885;16.2119;7.4785;;0.72288;33.8955;;25.8206;9.1277;0.8757;13.9875;1.1371;0.54845;39.7107;0.080608;0.37961;1.4839;;;0.37373;0.79875;294.4666;;24.4296;9.5951;2.4878;0.029312;18.8481;0.97714;6.7563;;0.16122;0.69701;144.0145;1.4008;22.946;2.2555;0.89894;73.1922;0.003664;156.8353;47.0456;;9.8249;49.0586;;2.7348;2.0628;1.6573;21.7533;29.0247;451.8486;30.2214;13.267;0.35388;;201.6413;2368.15;0.59723;0.003664;0.058624;0.1319;0.047632;0.065952;0.11358;0.051296;204.6006;2.6365;56.1908;0.16488;0.67418;34.8765;59.6651;16.0058;0.15389;0.92333;330.2911;182.6718;189.1122;3.6603;3.8831;1.7569;0.458;62.0105;42.2456;31.0732;93.411;8.3434;2.2776;49.2234;;0.84583;0.047632;17.3548;11.9924;115.6182;37.6191;;;0.70253;716.9314;47.0301;568.5548;4487.8558;3.1649;126.6134;0.058624;109.2398;20.5453;;;8.192;2.8656;13.068
1987;3.1142;7.4379;83.8835;;5.786;;0.2748;114.6111;7.0209;0.44701;255.8502;57.375;66.8619;1.4216;11.4207;11.8303;0.9305;103.5477;102.5898;0.22717;0.51719;0.57158;0.10259;4.0118;0.12011;19.3963;1.2384;205.7887;0.062288;3.3159;91.2281;0.51662;0.24915;0.43602;1.843;430.9217;0.080608;;0.26014;0.19786;22.4353;2191.053;50.1394;0.047632;1.3201;0.021984;2.7239;7.35;20.9396;33.7334;2.3118;4.184;184.2618;3.8159;58.3456;0.38838;0.047632;9.6873;15.0223;74.6135;2.4145;0.098928;;28.4808;2.5544;0.4983;;0.472;57.5337;379.6927;;0.60822;4.0095;0.17954;18.2008;1032.4339;3.2636;;62.5756;0.2345;0.07328;;3.9184;0.99294;0.19419;1.308;0.89879;2.1485;28.0856;84.1364;1.8435;486.0673;123.9224;158.6074;52.1837;30.2254;27.0687;380.0993;5.3793;902.5328;9.506;310.9364;5.0759;0.021984;31.3779;13.3207;0.20885;16.8974;7.6704;;0.75846;32.3483;;26.9291;8.8351;0.97096;13.8995;1.2824;0.54071;40.4852;0.080608;0.3575;1.854;;;3.2426;0.93066;307.2896;;25.4505;10.4825;2.4722;0.029312;20.0823;0.97673;4.9434;;0.15755;0.86068;151.4805;1.4545;24.1653;2.431;0.99766;59.0244;0.003664;175.6187;40.6816;;9.4018;52.9885;;3.1796;2.334;1.8807;25.6642;32.4958;463.7326;31.1986;11.4705;0.27907;;211.6316;2467.7245;0.61085;0.003664;0.05496;0.14656;0.051296;0.076944;0.11358;0.051296;190.4437;2.4246;55.8292;0.20152;0.4983;32.4605;59.197;15.8879;0.16122;0.99294;328.4451;192.9399;189.5076;4.0269;3.0609;1.7568;0.43602;59.6956;40.2041;35.9428;97.1234;8.6942;2.3675;56.3062;;0.92262;0.05496;17.4891;11.6633;128.4426;39.1978;;;0.76892;747.0925;47.4504;571.6685;4680.8341;3.5425;131.9068;0.047632;110.6611;23.2482;;;8.6267;2.6737;15.1701
1988;2.8571;7.3207;83.708;;5.0493;;0.28579;121.1291;7.2181;0.61189;260.8788;52.9384;68.6972;1.5389;12.1426;13.5103;0.93459;106.3715;99.7441;0.24915;0.53805;0.64486;0.10992;4.2868;0.11832;20.0741;1.3007;207.563;0.065952;5.7122;86.8652;0.55326;0.22717;0.45067;2.1539;455.608;0.07328;;0.23083;0.065952;26.6314;2347.7635;52.0359;0.051296;1.4929;0.021984;2.9059;8.8046;21.6699;35.3987;2.2773;4.1966;181.2088;3.978;55.1115;0.34808;0.05496;9.7398;17.1686;74.3095;2.4331;0.10626;;29.2669;2.6401;0.52762;;0.54977;52.0584;374.6584;;0.57158;4.3207;0.1832;18.6977;1029.0144;3.4112;;67.051;0.54594;0.095264;;4.0752;1.0259;0.21618;1.4033;1.0077;2.4699;29.2848;78.0549;1.8395;525.0817;132.7693;175.1078;67.1274;29.8825;29.7023;385.963;4.5258;985.4671;9.177;319.4422;4.69;0.021984;32.8251;13.6846;0.20885;17.3652;7.3457;;0.80918;36.1604;;27.6968;9.1269;0.96363;14.3852;1.2858;0.5372;42.3901;0.095264;0.38303;2.0115;;;3.184;0.85371;307.0178;;26.1477;11.4928;2.5586;0.029312;21.139;1.0062;4.0867;;0.15755;0.97603;145.6029;1.5012;25.4494;2.24;0.98703;70.4213;0.003664;200.8081;42.4547;;10.5166;57.6073;;2.9147;2.1984;2.1487;24.9858;37.4847;444.2299;32.5679;11.8977;0.40365;;212.2216;2535.2876;0.69165;0.007328;0.065952;0.16488;0.065952;0.065952;0.11358;0.047632;202.2477;2.7108;57.7793;0.19786;0.458;35.9492;58.2543;16.5077;0.15755;1.0037;342.3618;222.3079;197.4574;3.4566;4.4295;1.8739;0.43602;57.426;40.6612;36.6791;111.8179;8.9323;2.2717;66.2029;;0.96091;0.069616;15.8331;12.3768;124.728;40.2678;;;0.86358;767.5397;48.0956;570.2949;4885.5905;4.786;135.4778;0.065952;115.7518;23.0087;;;9.5502;3.1091;16.0295
1989;2.7649;8.9768;79.8083;;4.9228;;0.28579;116.802;7.075;0.64853;277.4856;53.6975;67.2544;1.9456;11.7167;13.4163;0.97595;104.1029;106.7936;0.30045;0.60965;0.78043;0.062288;4.9684;0.22523;20.0296;1.429;212.1136;0.065952;6.3424;86.4372;0.82074;0.26747;0.45067;7.5777;462.8177;0.080608;;0.24915;0.10259;32.0532;2386.885;52.8119;0.051296;1.4956;0.021984;2.9333;8.266;21.6171;35.513;4.335;4.4285;175.1796;4.352;48.8078;0.38838;0.058624;10.2579;20.1537;71.9046;2.5472;0.11725;;28.6605;2.7941;0.57891;;0.6252;52.4483;392.9411;;0.54227;5.7575;0.17954;18.3009;1012.7496;3.295;;73.23;0.47266;0.10259;;4.1882;1.0442;0.23083;1.1835;1.0231;2.6856;30.1412;75.9172;1.8949;576.4045;131.7319;190.098;72.2418;30.0599;31.394;404.7427;6.7245;1021.6848;9.0798;312.6787;5.0885;0.021984;35.7716;13.3947;0.2345;17.0079;7.7208;;0.65959;37.0685;;27.1691;9.876;1.0296;14.3537;0.92582;0.55821;49.4334;0.12458;0.41588;2.1691;;;2.803;1.0516;361.8023;;25.618;10.459;2.5529;0.029312;22.8794;1.0345;4.4253;;0.15755;0.89356;161.6645;1.6395;25.4532;1.4683;1.0382;42.1194;0.003664;213.0715;49.3472;;9.9857;60.3166;;2.5103;2.0335;2.2284;21.7319;38.9065;422.1751;40.8226;14.2924;0.31297;;213.5994;2481.7172;0.68339;0.007328;0.065952;0.16488;0.10259;0.076944;0.12091;0.047632;203.4192;3.6619;57.6486;0.2345;0.37373;41.7087;56.3414;16.4477;0.16122;0.95207;340.4185;236.2482;224.8848;3.447;3.4305;1.8518;0.43602;55.5218;39.4176;34.2713;121.6921;8.7441;2.1616;77.7842;;1.0214;0.069616;16.105;13.1404;137.5705;39.4131;;;0.80121;751.2363;54.1861;581.5773;4948.0212;4.8526;132.5396;0.062288;108.5711;17.326;;;9.9351;2.57;16.1137
1990;2.6024;5.5107;76.7366;0.4067;5.0887;0.051296;0.28213;111.89;6.6425;1.6378;278.4244;62.2922;63.053;1.9492;12.4054;15.49;1.0603;104.1347;120.4844;0.31144;0.68068;0.50197;0.12824;5.7268;0.2412;20.0141;2.7004;206.9211;0.065952;6.1885;78.6729;0.58258;0.20885;1.2604;1.6782;463.8798;0.095264;;0.19786;0.1429;32.9467;2420.3021;56.9167;0.062288;1.1794;0.03664;2.912;4.7815;23.442;33.1166;4.6424;4.6431;164.2274;4.0264;53.6009;0.32243;0.058624;9.1517;16.7106;75.622;2.4672;0.065952;;37.069;2.9858;0.71082;;0.80606;56.967;403.1017;;0.43602;4.4854;0.17587;17.1532;1052.9975;3.7548;;83.3754;0.55326;0.10626;;4.9701;1.0039;0.17221;1.1322;0.9797;2.5468;27.1471;73.4555;2.2374;616.5791;150.3454;209.2383;46.8438;32.8779;35.8231;439.9441;7.5271;1155.2634;10.247;266.5169;5.6861;0.021984;50.8862;12.5553;0.21251;19.8059;7.8679;1.4729;0.46814;36.513;0.19897;35.7872;11.812;1.0332;14.3422;0.94381;0.73906;56.0119;0.17221;0.41942;1.9433;;;0.85371;1.4619;318.4148;;24.0426;9.89;2.5509;0.029312;23.502;1.0152;4.2348;;0.12458;0.62385;162.4408;1.5768;25.4536;2.0439;0.73086;38.8572;0.007328;122.4;35.7044;0.86104;11.2957;67.8285;;2.7462;2.1398;2.1469;20.9525;41.3495;376.0387;45.5791;11.7437;0.43479;;171.2318;2571.2107;0.53711;0.007328;0.10626;0.16122;0.0916;0.080608;0.10259;0.047632;185.4853;3.139;57.6075;0.15022;0.48731;44.2906;61.9957;15.0744;0.14656;0.72957;312.6299;247.4382;231.895;3.8294;4.7679;1.7673;0.42502;57.5063;44.1619;37.0453;121.9053;8.1971;2.2172;89.3901;;0.97267;0.076944;16.9825;13.1674;146.5072;36.941;0.029312;0.007328;0.75587;705.8322;51.7026;601.0676;5121.2645;3.9671;124.1543;0.065952;121.822;21.1632;;;9.5214;2.4058;15.5693
1991;2.4265;4.2832;78.8054;0.4067;5.0629;0.051296;0.26747;116.845;6.4406;1.6818;279.8724;65.8997;60.8003;1.7807;11.8553;15.9026;1.1921;97.0401;123.5447;0.35907;0.79213;0.53861;0.17612;5.974;0.19247;14.1515;2.6344;217.2275;0.065952;5.3055;60.058;0.62654;0.23816;1.3044;1.0567;454.6275;0.098928;;0.20518;0.065952;30.9422;2538.924;56.6553;0.065952;0.99483;0.03664;3.2873;4.3089;17.3042;29.5512;3.7045;5.1318;148.5125;2.9384;64.2209;0.31144;0.058624;9.9526;16.3776;78.3207;3.1239;0.1429;;34.0377;2.9571;0.66685;;0.66312;55.2253;428.6495;;0.43235;4.522;0.17954;16.539;1014.9723;3.8652;;83.3509;0.54594;0.10992;;4.9521;1.0259;0.17587;1.1139;0.9798;2.6502;28.4627;69.7773;2.1177;656.7409;180.6953;225.9542;45.1853;33.6067;36.1486;440.0944;7.7506;1167.0405;9.6758;257.0972;4.7104;0.021984;10.1742;12.1094;0.2345;18.0386;8.1149;1.5279;0.27846;42.6191;0.20633;37.8833;12.424;1.0919;10.1447;1.028;0.78469;67.8548;0.15389;0.43407;2.1106;;;0.86837;1.5206;331.3743;;23.1548;12.121;1.8043;0.029312;24.9266;1.0151;4.1367;1.0552;0.12458;0.94788;170.8198;1.758;26.1181;1.9879;0.71986;41.9291;0.007328;117.2266;34.0693;0.88302;11.678;67.4778;;3.2224;2.0628;2.1174;20.1746;43.4712;373.3782;47.2062;17.6453;0.40731;;140.9668;2437.0381;0.48211;0.007328;0.10626;0.16854;0.10259;0.076944;0.10626;0.047632;267.3862;3.378;40.719;0.17221;0.54594;45.0494;53.6171;13.995;0.14656;0.7065;325.7272;262.0383;241.465;4.137;4.4655;2.0495;0.3261;57.7135;46.1402;42.2007;133.0049;7.9037;2.3488;98.3656;;1.0485;0.095264;16.9683;15.3629;153.538;35.6185;0.029312;0.007328;0.77588;632.5388;56.6723;609.0204;5070.8394;4.5275;119.8753;0.065952;115.0525;21.1604;;;9.1286;2.3821;15.8653
1992;1.3815;2.5135;79.8818;0.4067;5.165;0.05496;0.26381;121.0167;5.7199;1.4619;284.9121;60.4315;56.1758;1.7917;10.8738;17.7088;0.96632;89.9904;122.6578;0.35541;0.86494;0.46166;0.20538;6.622;0.15857;15.0276;2.7773;218.3835;0.069616;5.2102;56.84;0.63021;0.21618;1.3484;3.7299;468.8648;0.10626;;0.21618;0.084272;32.0579;2657.1124;61.5003;0.065952;1.2683;0.03664;3.7412;3.8435;16.6325;31.133;3.052;5.5072;144.0742;2.7982;58.4134;0.31144;0.058624;10.8223;22.1573;80.8261;3.2875;0.15755;;24.5146;2.9373;0.64853;;0.74003;54.2805;418.4452;;0.41403;4.9176;0.17954;15.277;966.7058;3.8881;;84.9158;0.47998;0.11725;;5.9179;1.0589;0.17954;1.0442;0.89521;3.0302;32.9171;62.4088;2.263;698.7569;203.6594;226.957;58.8893;33.418;42.083;439.2104;7.7108;1176.9426;11.983;232.9392;5.4021;0.025648;21.0219;11.1664;0.25581;14.2672;9.7269;1.5865;0.28147;37.025;0.20695;21.1871;12.1802;1.0809;10.7685;0.9987;0.78527;74.4686;0.23083;0.44138;2.3195;0.05496;;0.90501;1.7074;334.208;0.098928;21.0806;10.9939;1.9153;0.029312;25.986;1.0013;4.8416;1.1505;0.12091;1.3084;170.6549;1.5747;28.1126;2.3736;0.69721;46.2651;0.007328;102.9626;34.8319;0.916;11.9846;72.015;0.2345;4.226;2.0518;2.513;20.3109;48.2938;363.7189;51.4585;26.7327;0.36457;;130.286;1993.2176;0.48207;0.007328;0.10992;0.20152;0.095264;0.084272;0.10992;0.047632;285.0741;3.4234;43.2938;0.17221;0.44701;48.2127;49.156;13.996;0.1429;0.67954;301.0293;282.194;250.3269;5.106;3.988;2.0641;0.26381;57.4471;46.0155;42.5611;143.3457;7.2946;2.2752;108.0767;;1.0307;0.069616;19.1042;14.8918;159.0658;32.9004;0.032976;0.007328;0.78318;589.0622;57.7577;593.5041;5174.0591;5.1429;111.2702;0.062288;105.5781;21.0929;;;9.8742;2.4241;16.9174
1993;1.3338;2.334;81.9424;0.41037;5.7484;0.065952;0.27114;117.5647;2.5083;1.5938;289.2349;60.7877;48.4083;1.7001;14.6098;17.3679;1.1098;77.6156;121.5573;0.37739;1.0867;0.53861;0.17303;7.7918;0.24478;12.5794;3.195;228.3332;0.07328;4.9647;57.4834;0.62654;0.22717;1.385;3.8394;467.8796;0.10992;;0.2235;0.0916;34.163;2835.7955;63.3367;0.069616;1.3085;0.040304;3.891;5.093;17.1037;29.2841;4.7114;5.7514;137.9627;2.5773;60.6534;0.31144;0.062288;11.6672;24.0874;92.7026;3.7334;0.098928;;19.066;2.9948;0.58258;;0.74366;56.3485;398.6448;;0.42502;4.9748;0.18686;9.9163;956.9942;4.4352;;84.2295;0.4983;0.12091;;5.5772;1.0882;0.1832;1.0442;0.65615;2.7977;34.7782;63.5397;2.421;722.8943;219.8563;235.5766;63.1298;33.6492;44.2343;431.601;8.0003;1170.1967;11.774;205.2445;6.2151;0.029312;33.202;8.5859;0.2558;11.9878;10.3696;1.6341;0.31444;38.709;0.21503;16.3321;12.3206;1.1798;10.3325;1.0243;0.87914;90.8365;0.19786;0.45236;2.3339;0.062288;;0.92699;1.7734;339.4729;0.098928;15.9704;9.2626;1.6678;0.029312;28.1621;1.0752;5.3018;1.3887;0.11358;1.4405;170.7962;1.8275;27.707;2.2834;0.77779;44.8134;0.007328;94.8685;36.5316;0.93432;13.3566;77.1766;0.2345;3.8996;1.9932;2.8421;23.4784;48.9292;364.5653;50.07;30.6479;0.25159;;121.6272;1890.935;0.48937;0.010992;0.11358;0.2235;0.07328;0.10259;0.10992;0.047632;313.3274;3.538;37.7408;0.1832;0.44701;50.8711;46.659;14.2927;0.1429;0.63922;320.3381;321.8378;241.8178;4.9756;2.7451;2.0384;0.1319;57.3957;43.6047;45.2217;154.8355;5.1614;2.546;122.8659;;1.0689;0.084272;17.9211;16.3539;167.3019;28.1917;0.040304;0.007328;0.77582;510.2014;65.5654;579.4028;5284.6879;4.4392;115.8664;0.062288;123.9679;22.6007;;;8.626;2.4672;16.2591
1994;1.2825;1.9236;86.1467;0.4067;3.8656;0.065952;0.26747;122.01;2.6835;1.6122;294.0146;61.1903;41.9466;1.6854;14.7556;18.928;0.74188;64.373;124.9382;0.37373;1.2223;0.53128;0.20161;8.5924;0.23468;3.2044;3.0301;239.4707;0.080608;4.6899;55.9361;0.64486;0.2345;1.4671;3.7711;483.0585;0.11358;;0.2345;0.10259;37.6424;3010.2422;66.7095;0.069616;2.1391;0.040304;5.2003;4.133;16.3612;32.1468;4.5169;5.994;131.5325;1.6225;64.7152;0.30411;0.065952;12.3768;13.5385;84.8349;4.5322;0.032976;0.86072;19.901;2.1969;0.57525;;0.7386;61.7116;393.3949;;0.43968;4.3745;0.18686;6.069;940.408;4.8286;;86.392;0.50197;0.1429;;6.7508;1.2269;0.1832;1.385;0.30045;3.2917;31.079;61.8827;2.3619;764.242;222.9676;263.5204;71.0892;34.7722;47.4745;425.4906;8.191;1225.1734;13.2495;171.066;6.4204;0.029312;38.7817;6.2045;0.27412;10.4203;11.1287;1.6744;0.31144;43.753;0.20111;15.7482;11.509;1.2714;10.4607;1.2644;0.90471;93.014;0.19786;0.46034;2.5025;0.065952;;0.9563;1.6232;353.2382;0.10259;12.3903;7.9271;1.6224;0.032976;29.5834;1.0572;6.1962;1.5719;0.10992;1.6671;171.3984;1.9704;27.8888;2.5179;0.77045;34.9337;0.007328;86.7195;38.446;0.9673;15.1817;84.0193;0.2345;4.292;2.1801;3.3981;23.1193;54.1233;359.6111;50.8204;30.1548;0.34533;;119.6707;1669.6371;0.47199;0.010992;0.12091;0.26014;0.069616;0.12091;0.11358;0.047632;307.4732;3.8368;36.6984;0.20152;0.46166;61.3446;43.8279;14.6338;0.13923;0.62822;338.3887;344.2638;254.234;5.4358;3.784;2.0417;0.48365;59.8455;42.6786;46.1898;161.8216;2.3474;2.375;136.8442;;1.0049;0.0916;17.386;15.7761;163.7832;33.4425;0.043968;0.007328;0.70383;419.2676;72.6046;575.6574;5377.9871;4.0299;108.2841;0.062288;129.5308;25.7731;;;8.9826;2.393;17.6845
1995;1.2311;2.0848;94.982;0.42502;10.9483;0.065952;0.2748;127.5985;3.3601;1.6671;305.4098;64.206;33.3111;1.6818;14.7871;22.7714;0.82296;57.9475;126.083;0.37739;1.2736;0.53128;0.23614;9.799;0.23224;3.4028;3.0448;255.5834;0.084272;4.7852;57.537;0.62387;0.23816;1.5403;4.1745;495.6645;0.12091;;0.2345;0.10992;41.0901;3265.057;58.6203;0.07328;1.5558;0.040304;4.8019;6.1152;17.0401;25.5862;4.4698;5.8643;131.9721;2.1001;61.6285;0.30411;0.080608;15.7714;22.6979;95.1669;4.9616;0.12824;0.92964;18.204;2.5057;0.57158;;0.75389;58.1416;400.5639;;0.42869;4.6063;0.19786;2.2914;940.0867;5.1542;;86.9456;0.50197;0.15022;;7.0793;1.267;0.1832;1.4619;0.90134;3.8265;31.2664;61.6129;2.4651;811.4608;226.6699;271.1475;74.0842;35.7944;49.8652;451.9789;9.1734;1237.8528;13.2077;162.6831;7.4055;0.029312;54.589;4.511;0.3474;9.1676;12.2802;1.7074;0.32543;45.6911;0.2042;15.0041;9.1181;1.2311;10.8308;1.2607;0.90696;120.0352;0.24915;0.46766;2.4983;0.065952;;1.0149;1.8283;333.0098;0.10626;11.4054;7.8994;1.7138;0.032976;30.2819;1.1085;6.9063;1.6195;0.10626;2.0034;173.0327;2.0642;28.1534;2.7548;0.80707;35.5753;0.007328;81.2598;38.4772;0.94531;15.77;83.6151;0.2345;2.9396;2.0592;3.9306;23.6822;59.9487;361.3039;54.7909;31.7171;0.35785;;124.8369;1640.2632;0.461;0.010992;0.12824;0.31144;0.069616;0.12824;0.11725;0.047632;234.7119;3.429;38.7752;0.19786;0.34808;41.8418;44.8665;15.2445;0.1429;0.5879;361.3641;373.9924;267.8322;5.8155;3.9009;2.06;0.45434;59.2761;43.4141;41.2002;172.1115;2.4429;3.4963;158.4571;;1.1747;0.095264;16.9695;15.5525;178.3103;33.9322;0.047632;0.007328;0.92996;389.8658;70.0127;566.8341;5439.2133;4.5585;103.2023;0.065952;132.8747;28.5235;;;10.3522;2.141;15.0294
1996;1.1651;2.0152;96.7861;0.45434;10.4248;0.069616;0.29312;134.6437;2.4973;1.6891;312.3612;67.6739;31.2416;1.6671;15.5896;23.9496;0.84233;59.2023;129.5836;0.30778;1.2311;0.52762;0.28531;9.7745;0.21724;4.2385;2.7553;281.1948;0.095264;4.7412;57.9525;0.70446;0.24182;1.5972;4.4315;510.5568;0.1429;;0.2345;0.12458;47.6285;3408.3466;59.4585;0.076944;1.71;0.047632;4.6867;7.3353;17.6292;26.8725;4.1813;6.2145;134.6487;2.2934;74.8775;0.31144;0.07328;17.1977;24.0255;101.4085;4.499;0.11358;1.0072;18.9254;2.7947;0.6009;;0.81317;64.0584;416.1896;;0.43235;4.7537;0.19786;4.0551;960.1743;5.4686;;89.0986;0.51662;0.15389;;6.5703;1.3395;0.1832;1.5169;1.0332;3.8907;28.9096;63.177;2.5201;878.827;255.2071;274.0078;69.2844;37.411;51.9358;444.5616;9.6877;1249.8757;13.8264;149.0027;9.155;0.032976;49.9136;5.6642;0.46875;9.2435;12.7856;1.7367;0.33574;43.7968;0.20596;15.6588;9.1655;1.407;11.7321;1.359;0.90426;124.1169;0.28946;0.48597;2.47;0.065952;;1.0626;1.9492;347.422;0.10626;11.6871;8.0233;2.006;0.03664;31.0656;1.0244;7.2036;1.7221;0.10259;2.4553;182.4732;2.1851;29.3752;2.8474;0.89865;39.4006;0.007328;71.6086;41.5938;1.0369;14.967;93.5374;0.2345;4.575;2.1874;3.7189;24.184;61.2537;375.3046;52.0981;32.2038;0.36915;;128.2776;1606.949;0.47595;0.010992;0.1319;0.3261;0.069616;0.1319;0.12458;0.047632;258.2636;3.6632;45.3928;0.2345;0.39205;49.3492;45.1655;15.9058;0.1429;0.56792;363.4865;401.5299;255.448;6.9702;4.0256;2.082;0.34075;63.194;44.0985;42.3223;180.3419;2.8225;3.3922;177.2644;;1.2652;0.076944;20.5301;16.5808;195.7507;30.6037;0.047632;0.007328;1.036;351.4099;40.429;588.4935;5626.1867;5.4044;105.8721;0.084272;122.3396;34.0229;;;10.5269;1.837;14.8906
1997;1.0845;1.5425;87.0043;0.46533;7.3478;0.069616;0.30778;137.5581;3.2464;1.7441;320.7947;67.453;29.8039;1.363;17.2877;24.948;0.8889;62.5458;124.0468;0.38838;1.1982;0.52395;0.37684;10.8831;0.22735;8.3653;2.7993;296.5853;0.098928;4.9317;55.1816;0.80269;0.24915;1.5251;3.1564;525.2531;0.14656;;0.24549;0.1429;55.4503;3414.5493;63.7712;0.080608;2.3393;0.047632;4.9167;7.0129;18.6929;24.5091;4.3757;6.3012;130.8497;1.8864;65.4696;0.3261;0.080608;17.8569;18.2051;107.512;5.3983;0.28946;0.85928;18.4823;2.9793;0.5899;;0.78244;62.7183;409.4499;;0.45067;4.7742;0.19786;4.4251;932.3474;6.2042;;93.8042;0.52029;0.16854;;7.5016;1.3943;0.20152;1.5902;1.3667;4.0813;30.4975;61.7559;2.6156;915.0493;280.8965;267.0993;68.0788;38.7524;54.8639;449.4656;10.0681;1243.3671;14.0736;140.7693;8.1197;0.025648;54.6706;5.573;0.60062;8.7068;15.1324;1.7697;0.3474;44.7065;0.21837;15.0702;8.5188;1.4876;10.6256;1.6454;0.94737;123.5277;0.32976;0.52124;2.515;0.065952;;1.0772;1.9969;370.4064;0.10992;7.3013;7.6884;2.1553;0.032976;31.6837;1.1045;7.4445;1.7697;0.10259;2.7595;175.2924;1.8187;31.3561;3.1136;0.90596;42.0611;0.007328;65.1326;41.6989;0.8647;15.3434;93.7876;0.23816;5.5933;2.5758;4.1588;27.2456;70.0626;366.5701;55.1088;37.3935;0.45128;;119.2659;1502.1374;0.49288;0.010992;0.1429;0.30778;0.047632;0.1319;0.12824;0.047632;215.7967;3.1824;48.7927;0.34075;0.36274;58.0718;45.2043;16.233;0.1429;0.53861;385.1207;427.7861;268.0587;7.5196;4.9384;2.1039;1.2018;58.1327;43.035;40.4308;194.3045;2.1489;2.823;183.0459;;0.87899;0.098928;18.3325;16.7661;208.023;30.5559;0.05496;0.007328;1.0801;340.2438;41.0737;562.4847;5703.8907;5.5131;107.0033;0.084272;133.4835;44.3093;;;13.2213;2.3537;14.2942
1998;1.0295;1.7514;106.6208;0.49098;7.2696;0.076944;0.31877;139.3545;3.4111;1.7954;334.6841;67.0544;31.665;1.6781;18.3655;23.9111;1.1212;59.4078;130.2851;0.37006;1.1944;0.52029;0.36716;10.9239;0.012549;10.5513;3.3416;308.3057;0.10259;5.1589;52.5263;0.85763;0.24915;1.9354;3.1371;534.2365;0.15755;;0.24915;0.15022;56.8072;3265.9026;64.6137;0.087936;0.77677;0.047632;5.2355;6.5842;19.3982;24.3574;0.24153;6.5938;125.1257;1.6548;61.2294;0.3151;0.076944;18.2485;22.3147;121.4653;5.7317;0.16488;0.58581;16.9096;3.1474;0.62288;;0.7611;59.3751;429.789;;0.44701;4.9573;0.21251;4.9386;924.4045;6.2459;;98.6248;0.52762;0.17587;;8.6394;1.4763;0.17221;1.6561;1.2311;4.5822;38.924;61.3483;2.6355;933.5493;216.1049;306.0063;72.1015;40.6501;56.0093;460.2403;9.694;1203.7105;14.2519;135.0938;9.896;0.029312;51.5606;5.9131;0.67753;8.3289;16.3155;1.8027;0.37305;45.1589;0.22923;15.888;7.6394;1.5572;12.6152;1.7326;0.92204;113.111;0.30045;0.76211;2.5161;0.069616;;1.0699;2.1691;390.1793;0.11725;6.4439;7.6875;2.2692;0.029312;31.8165;1.1124;8.0371;1.832;0.098928;2.2233;176.4022;1.81;29.9344;3.3919;0.95358;37.5878;0.007328;58.7688;41.9567;1.4619;16.4061;96.7421;0.23816;5.8897;2.8616;4.4638;27.572;68.253;337.3415;59.5976;32.271;0.39113;;104.7557;1484.8522;0.48185;0.010992;0.15022;0.30778;0.05496;0.16122;0.1319;0.047632;207.2305;3.3331;51.3796;0.43235;0.36274;48.3564;44.1752;15.9482;0.1429;0.51296;376.7763;363.5483;276.636;7.7363;4.284;2.1039;1.2128;58.7171;44.6123;49.7465;197.8532;2.4944;2.4815;162.5516;;1.29;0.087936;19.0586;17.8085;208.0423;32.025;0.058624;0.007328;1.2341;321.0672;80.6825;567.4862;5752.3242;5.6401;118.946;0.080608;166.8022;46.5547;;;12.0635;2.2792;14.1396
1999;0.80957;2.9825;91.6679;0.51296;9.1298;0.080608;0.32976;146.5103;3.0337;1.8064;344.0633;65.621;28.5702;1.6744;17.9881;25.0174;1.1912;56.9912;124.7457;0.34808;1.5423;0.51296;0.37076;10.376;0.094035;10.3339;3.1584;316.2824;0.10259;3.8032;46.0963;0.91417;0.25282;1.8943;2.9981;550.0432;0.1832;;0.26381;0.16122;60.9073;3258.1349;55.0275;0.0916;0.82074;0.047632;5.439;5.9393;20.2417;25.183;1.8099;6.8608;116.4416;1.3662;58.6495;0.3151;0.080608;18.3839;21.365;124.4974;5.6201;0.46533;0.6151;15.7271;3.095;0.63021;;0.77502;58.8983;425.6747;;0.49464;4.787;0.23083;4.3097;896.8827;6.3695;;97.9417;0.53861;0.19419;;8.807;1.5517;0.19419;1.6781;1.33;4.6675;42.55;61.8282;2.8413;995.2331;244.1016;379.627;71.6813;42.3778;54.7545;464.6015;9.9582;1239.8401;14.2654;107.323;10.0293;0.029312;53.8222;4.6468;0.91931;7.738;16.4582;1.8247;0.39067;44.3033;0.22656;13.4075;8.0905;1.5169;11.7138;1.9122;0.92448;106.8872;0.42136;0.79509;2.5703;0.065952;;1.0955;2.4256;392.3245;0.10992;4.6846;7.5352;1.5648;0.029312;32.8871;1.1672;8.93;1.6635;0.0916;3.1898;170.9913;2.0555;31.5286;3.5984;0.94989;40.0192;0.007328;64.0994;42.7095;1.3667;20.5579;99.3905;0.24182;5.6103;2.4439;4.4635;29.1468;68.1766;327.6524;67.2235;31.2711;0.42411;;88.6823;1512.9847;0.50311;0.010992;0.16122;0.31877;0.05496;0.16488;0.13557;0.047632;225.9765;3.6036;35.4401;0.5093;0.34442;49.8705;43.3408;15.3234;0.15022;0.49098;374.3176;398.3253;300.1766;8.5176;4.6439;2.1222;1.2384;55.857;44.4417;51.7714;205.2223;2.5155;2.4579;174.131;;1.8504;0.10992;22.4768;18.1202;203.949;37.605;0.065952;0.007328;1.2794;292.3113;77.5427;560.5053;5832.2502;6.681;122.2045;0.084272;172.5625;46.658;;;13.7247;1.7782;15.7277
2000;0.7682;3.0191;87.4427;0.52395;9.5151;0.087936;0.34442;141.7168;3.4914;2.3779;350.1946;66.2617;29.5063;1.6671;18.6179;27.5049;1.168;55.458;126.7948;0.39571;1.574;0.51662;0.38169;11.0047;0.24951;13.7013;3.7776;324.226;0.10259;4.591;45.2139;1.0309;0.27114;1.9749;3.3458;572.5307;0.21618;;0.26747;0.17587;58.1137;3349.2948;56.2157;0.10259;1.0458;0.047632;5.3945;6.4633;19.8157;25.9442;4.8023;7.1089;126.8969;0.79751;54.3076;0.34075;0.10259;19.5937;20.5626;140.3476;5.6609;0.45434;0.60408;15.3622;3.4638;0.68883;;0.8336;57.0415;420.6527;;0.56792;4.6699;0.24549;4.4994;900.9601;6.1005;;102.9823;0.53128;0.19053;;9.7658;1.6131;0.14656;1.6085;1.3667;4.9342;40.2839;58.5517;2.934;1029.6378;265.9832;369.2635;71.7154;45.194;59.5194;470.7677;10.314;1262.7345;15.2;133.5387;10.3016;0.029312;53.3841;4.6025;0.92887;7.099;15.4663;1.8503;0.41445;46.793;0.21686;11.788;8.6729;1.6305;12.0546;1.8675;0.85385;124.5394;0.45067;0.82074;2.5709;0.076944;;1.1139;2.6894;397.8997;0.12458;3.573;7.4868;1.7384;0.025648;33.5769;1.3228;10.0425;1.6415;0.084272;3.038;171.9358;2.2216;32.3592;3.7211;0.6927;75.76;0.007328;69.166;42.2159;1.6598;21.7397;105.4184;0.24915;5.717;2.6637;3.6539;30.0783;72.3464;317.0973;66.0443;34.5662;0.46075;;93.5384;1499.6162;0.5207;0.010992;0.17221;0.32976;0.05496;0.14656;0.1429;0.047632;296.3533;3.8093;39.3805;0.57158;0.38838;48.8563;41.5332;15.4301;0.15022;0.47998;377.7309;445.4409;311.9261;10.1338;5.0544;2.1918;1.1871;54.725;43.6119;50.4815;217.1857;2.2321;2.5709;179.264;;1.3314;0.095264;23.7661;19.6703;226.0298;37.4656;0.069616;0.007328;1.3944;279.5378;111.7881;567.0615;6000.6061;5.2672;121.4556;0.084272;151.871;52.3321;;;14.4742;1.7851;13.8182
2001;0.81207;3.2207;83.7807;0.52395;9.6715;0.095264;0.34808;133.3106;3.5327;2.4072;357.6687;70.3909;28.7927;1.5682;13.9053;31.9439;1.2013;55.5603;126.129;0.44701;1.7898;0.52762;0.36901;8.5606;0.25407;13.2638;3.8472;332.9874;0.10626;4.3895;48.9233;0.99169;0.20518;2.2497;3.325;564.6353;0.2345;;0.24549;0.17221;52.5766;3426.1441;55.2515;0.10259;0.76578;0.032976;5.6659;7.3976;20.9667;25.3322;4.8902;6.9822;126.6664;0.81641;55.8808;0.3664;0.10992;19.5938;22.9395;124.2928;5.8544;3.0924;0.62599;15.7079;4.2634;0.76211;;1.046;62.5393;425.8825;;0.67784;4.773;0.25282;3.7338;917.4768;6.7326;;105.369;0.53861;0.19419;;10.4677;1.6882;0.15022;1.5938;1.5527;5.6089;37.8018;60.1717;2.8627;1035.6407;297.7706;394.9314;84.5559;47.5574;63.0224;476.2019;10.5765;1248.0874;15.6105;128.2187;9.2357;0.025648;57.4847;3.8623;0.86275;7.5163;16.4062;1.876;0.48465;47.7738;0.21467;12.4961;9.1661;1.6854;11.9886;1.7355;0.84712;134.1672;0.46166;0.82806;2.4681;0.080608;;1.1725;2.8616;412.6274;0.16854;3.7866;7.8699;1.8676;0.025648;37.4259;1.5539;8.6802;2.0152;0.080608;3.2368;177.0794;1.8777;34.5827;3.922;0.65164;85.4351;0.007328;71.665;43.5598;1.3484;20.106;107.1262;0.25282;6.9399;3.206;3.7828;26.9287;70.3046;313.5457;65.7042;41.2145;0.53036;;98.8771;1538.2444;0.52284;0.010992;0.17587;0.36274;0.05496;0.17954;0.14656;0.051296;296.5749;4.1802;42.2776;0.63387;0.51296;49.4421;43.8366;16.3633;0.15755;0.50197;371.1406;448.5506;313.892;10.3273;5.8157;2.3634;1.1432;55.6823;45.0758;48.1407;226.2105;2.2855;3.0396;192.3773;;1.1589;0.087936;26.2806;20.5453;209.5291;37.9998;0.07328;0.007328;1.4681;301.3007;100.6029;575.9275;5902.455;5.0306;123.0407;0.087936;171.9742;59.5292;0.014656;;16.0167;1.8849;12.5092
2002;1.0641;3.7483;89.4067;0.53128;12.5975;0.095264;0.37006;124.3822;3.0766;2.4366;362.2091;72.1465;29.6418;1.5755;15.6772;33.1854;1.2038;55.6772;126.4446;0.43235;2.0532;0.55693;0.40171;10.3281;0.24495;14.1726;3.9754;327.4348;0.11358;4.2539;46.1664;1.0011;0.21251;2.2057;3.324;570.8851;0.2748;;0.24549;0.16854;54.4903;3782.4393;54.8532;0.10259;0.57525;0.029312;6.2264;6.9579;22.054;25.9656;4.7145;7.1708;123.598;0.90125;55.5517;0.39938;0.10259;21.0743;24.7531;125.7814;5.9308;4.9757;0.60027;15.2333;4.4305;0.72547;;0.87945;65.0618;420.9195;;0.70715;4.544;0.28946;3.3514;900.9551;7.2315;;105.0114;0.53861;0.20518;;10.9305;1.7677;0.15389;1.5792;1.8022;5.9902;39.485;59.1628;2.9879;1047.5957;307.5782;397.7983;86.3209;46.0346;59.2997;477.7093;10.2025;1277.2365;16.4207;146.7822;7.8196;0.040304;57.9799;4.9193;1.1265;7.5429;16.2444;1.9053;0.48231;47.4722;0.22001;12.6024;9.9422;1.5169;10.926;1.2319;0.83932;132.2165;0.59357;0.84638;2.4439;0.084272;;1.2494;2.8836;413.9726;0.1429;4.0517;8.2625;1.9966;0.03664;38.074;1.5386;9.1538;1.7587;0.076944;2.5951;176.3749;2.3934;34.7687;3.9908;0.69482;93.3961;0.007328;68.6429;42.667;1.1542;25.2344;112.9036;0.24915;5.8073;3.4845;3.8684;26.9306;70.1551;305.7305;69.5567;40.7019;0.67601;;99.1519;1528.9617;0.52127;0.010992;0.19786;0.3261;0.058624;0.18686;0.14656;0.058624;325.6812;4.3459;45.173;0.53861;0.53494;47.1727;42.0515;16.5082;0.15755;0.58624;355.4541;463.628;334.0071;10.9467;7.4161;1.5606;1.1248;56.6413;43.4585;38.4386;235.7338;1.8729;3.487;205.776;0.16122;1.3225;0.10259;28.5393;20.5586;217.6529;39.8896;0.098928;0.010992;1.5079;294.2;83.7456;560.041;5943.6513;4.5577;127.9434;0.084272;192.7464;68.6613;0.025648;;15.5535;1.9601;11.897
2003;1.1871;4.2905;91.0482;0.53494;8.9884;0.10259;0.40304;134.6207;3.4556;2.5611;369.7258;77.7642;30.6267;1.5169;16.4372;35.1406;1.2414;57.1123;127.9532;0.43235;2.3276;0.56059;0.36113;11.0112;0.24511;14.3502;3.8252;317.5084;0.12091;4.4701;50.4145;1.0743;0.16122;2.3779;3.6985;587.5963;0.30778;;0.2345;0.38106;54.8842;4452.3103;56.7282;0.1319;0.916;0.032976;6.5285;5.1333;23.3863;25.3551;4.7177;7.5602;127.0484;0.95291;60.6353;0.42136;0.11725;21.2599;26.7479;146.462;6.4343;6.0126;0.72111;17.0872;4.8711;0.7328;;1.0361;72.6584;428.0028;;0.76944;4.6132;0.28946;3.7355;901.9699;7.4373;;109.0832;0.53128;0.21618;;10.6568;1.844;0.19419;1.5645;1.7097;6.6606;43.2034;61.9368;2.9797;1091.873;316.8542;413.9935;90.7866;45.6391;62.4147;491.4807;10.667;1285.3854;16.982;164.319;6.5856;0.040304;59.6229;5.3816;1.0741;7.7407;18.5275;1.9309;0.51811;48.781;0.22935;12.5919;10.4116;1.5316;11.2998;1.6805;0.90001;156.3935;0.50563;0.84272;2.6624;0.084272;;1.2897;3.0594;439.7861;0.1429;4.4043;8.0079;2.1352;0.03664;37.4954;1.8567;9.7802;1.8723;0.065952;2.81;179.8242;2.7267;36.4931;4.3353;0.75336;101.3056;0.003664;70.1365;43.9218;1.2787;32.0275;117.4907;0.25282;6.0757;3.9425;4.0339;26.1046;70.2147;318.4156;64.4372;41.2994;0.75539;;103.5767;1562.4724;0.51011;0.010992;0.19786;0.35907;0.065952;0.19786;0.15389;0.065952;326.5171;4.8049;48.2985;0.5496;0.56792;31.0926;42.4268;16.2701;0.16122;0.59357;403.2353;462.4073;337.9792;10.9521;8.2825;1.5383;1.0406;57.2244;44.6441;53.5814;244.5065;2.0622;3.6862;221.9164;0.16122;1.8047;0.11725;31.8987;20.9254;232.963;44.5201;0.10259;0.010992;1.5474;305.1834;105.6771;571.601;5991.3196;4.5278;126.438;0.084272;191.4567;76.2769;0.025648;;17.0825;2.0756;10.6083
2004;0.94146;4.1623;87.8531;0.56059;18.7019;0.12091;0.42136;157.0336;3.6912;2.6161;383.2049;78.0525;32.0782;1.7221;17.4391;37.1619;1.266;60.7672;129.0409;0.39205;2.4811;0.58258;0.29048;11.0183;0.25717;15.4625;3.8948;333.6751;0.12458;4.8731;49.5086;1.0999;0.19786;2.4439;3.8501;585.8328;0.32976;;0.2345;0.37739;59.0475;5125.8944;54.5514;0.1429;0.94898;0.05496;6.798;7.3353;23.0448;24.866;4.9498;7.7878;127.7593;1.1575;55.1101;0.4067;0.11358;18.0697;28.7858;149.1437;6.2537;5.2139;0.76501;17.2866;5.1586;0.74746;;1.34;68.9616;428.9277;;0.76211;4.6567;0.29312;4.2762;887.9965;7.1521;;109.53;0.58258;0.20518;;11.4251;1.9057;0.20152;1.6268;1.9604;7.2434;41.5683;60.4062;3.1012;1145.5452;340.0765;442.0897;113.635;46.1297;58.6791;495.5278;10.5742;1280.0361;18.6695;171.0601;7.438;0.043968;63.1079;5.8068;1.3668;7.751;17.2077;1.9822;0.60374;49.9558;0.22938;13.1673;11.7852;1.7148;11.1825;1.7894;0.91884;162.088;0.66685;0.8757;2.5573;0.087936;;1.385;3.0888;440.7996;0.1429;4.6134;8.5707;2.3336;0.03664;43.3622;1.8645;12.3712;1.9602;0.065952;2.6381;181.4533;2.5161;36.0649;4.3783;0.80824;103.9877;0.003664;71.722;44.337;2.1947;27.5912;129.9595;0.25282;5.7117;4.4847;4.0533;31.5555;72.7708;322.5389;67.2205;42.7103;0.95447;;102.8744;1570.8642;0.51728;0.010992;0.21251;0.35541;0.062288;0.21984;0.15022;0.07328;394.5848;4.9885;52.7378;0.73646;0.55326;28.451;42.9912;16.6307;0.16122;0.59357;448.5391;478.6058;354.2857;12.1462;10.4682;1.5564;1.0296;56.4433;45.2283;50.3846;258.4556;2.5473;4.2317;240.2417;0.17587;1.7439;0.10992;33.34;21.9266;241.9092;46.4471;0.10259;0.010992;1.6806;306.2554;111.8675;573.2038;6106.6207;5.5638;125.7191;0.058624;151.268;87.8002;0.025648;;18.6462;2.1043;9.4285
2005;1.3203;4.2502;106.4732;0.57525;19.0064;0.12824;0.42869;161.4248;4.3798;2.7187;386.5152;79.3667;34.2864;1.7404;19.1325;38.9159;1.3223;62.0494;125.6382;0.42136;2.3671;0.58258;0.37812;12.0705;0.25489;16.046;4.0927;342.0865;0.1319;4.8695;50.5913;1.1218;0.15389;2.7736;3.5913;576.8016;0.43968;;0.2345;0.39938;60.9471;5771.1684;60.2508;0.13923;0.97145;0.062288;6.6872;7.4965;23.4895;25.8476;4.9059;7.9722;125.2945;1.4453;51.5321;0.41403;0.11725;18.3802;29.9701;165.0417;6.3493;4.7082;0.76127;17.1363;4.9551;0.72181;;1.081;57.045;432.6393;;0.82074;4.8579;0.29312;5.017;867.2235;6.8034;;113.9251;0.60822;0.21618;;12.3498;1.8247;0.21251;1.4363;2.0474;7.4265;43.7313;60.5;2.9689;1210.1457;343.5799;463.53;112.9804;48.1046;56.524;495.234;10.3506;1286.8563;20.4361;184.319;8.3386;0.062288;71.1664;5.5136;1.3773;7.8352;16.6535;2.0115;0.71047;51.6963;0.22897;14.0893;12.0484;1.8283;11.2705;1.7254;0.85844;172.4866;0.6009;0.89768;2.666;0.084272;;1.4363;3.2939;465.9136;0.12091;4.9378;8.5737;2.2089;0.03664;45.5251;1.7707;11.5326;2.3083;0.062288;3.0516;177.5309;2.809;37.6476;4.2697;0.70848;105.7058;0.003664;74.9187;43.5607;2.7407;29.4666;134.7562;0.26014;6.7411;4.3821;3.7887;36.733;73.2713;321.6688;69.4974;50.6901;0.91447;;100.9666;1588.6629;0.51711;0.010992;0.19786;0.3664;0.065952;0.21984;0.16122;0.076944;395.8548;5.5396;49.8792;0.68883;0.46166;30.3343;42.9075;16.9288;0.16122;0.59357;415.0509;459.3457;368.9641;11.9352;10.0254;1.589;1.0186;53.8433;45.7798;49.8808;257.1081;2.4212;5.3601;244.3039;0.17587;1.7216;0.11358;38.0602;22.2687;260.898;48.2316;0.12091;0.010992;2.1046;313.5337;114.5544;570.001;6132.0057;5.7258;116.8949;0.058624;164.538;94.8591;0.029312;;19.7948;2.2421;10.6996
2006;1.6432;3.8948;100.2012;0.54594;22.1024;0.1429;0.44334;174.6175;4.4052;2.715;392.6819;76.6885;39.1085;1.6635;18.7569;42.9557;1.3393;64.8616;124.0309;0.44334;3.7113;0.65219;0.37301;14.9208;0.26564;17.3867;4.133;341.9464;0.1429;4.7376;51.8256;1.3562;0.18686;2.9972;3.7524;570.4876;0.47266;;0.24915;0.4067;63.9716;6377.748;62.1974;0.16122;1.1066;0.065952;6.9653;6.8114;23.7256;27.2282;5.1129;8.1608;126.3803;1.5533;59.4389;0.41037;0.11358;19.4204;28.5246;176.0195;6.7206;4.7522;0.55593;16.4392;5.3169;0.67784;;1.2014;68.3798;422.1013;;0.8244;4.1424;0.30778;6.0961;878.7471;9.16;;112.4649;0.62654;0.23083;;12.4171;1.8906;0.21618;1.2897;2.0841;6.8487;41.9137;59.8394;3.147;1287.1492;346.6997;503.7906;98.1811;47.5502;62.1491;489.75;11.4234;1262.6395;20.5274;202.9699;9.3366;0.069616;73.3891;5.419;1.507;8.3333;14.792;2.0372;0.73113;52.6663;0.2311;14.403;11.8793;1.6195;10.9297;1.6662;0.89212;165.5806;0.75845;0.94165;2.6794;0.0916;;1.4216;3.6274;478.8036;0.12091;5.0297;9.4058;2.3816;0.03664;47.3908;1.9148;12.7768;2.3303;0.043968;2.5294;172.7367;2.706;37.5201;4.4142;0.68628;98.4616;0.003664;76.1729;43.9233;2.2644;39.0464;143.7267;0.26381;7.2681;4.3052;3.9371;34.4109;66.5219;334.6228;64.7702;63.1962;1.0003;;104.1306;1648.6587;0.51673;0.010992;0.20152;0.3664;0.065952;0.21984;0.16488;0.084272;431.292;4.4218;53.7596;0.7328;0.61555;30.7739;42.6037;17.124;0.16488;0.59357;445.7087;465.6059;360.2792;11.7937;10.982;1.7391;1.0149;53.6728;45.3656;52.8404;264.8075;2.6341;5.879;248.62;0.17954;1.5005;0.12824;42.5606;22.6025;281.5417;49.3721;0.1429;0.007328;2.4686;332.7647;121.8838;567.6522;6052.2363;6.5961;119.6984;0.047632;168.5432;99.134;0.029312;;21.0851;2.2317;10.3649
2007;2.2683;3.9241;108.4;0.53861;24.9761;0.15022;0.46899;174.2329;5.1078;2.8213;400.4157;74.0321;30.4583;1.6891;26.7701;43.7664;1.3344;64.2639;120.6114;0.47632;4.3196;0.72914;0.37203;12.1768;0.29905;17.4743;4.2283;356.9188;0.15022;8.31;55.637;1.6419;0.18686;3.4525;5.7019;594.1402;0.50563;;0.25282;0.46166;70.7069;6861.7507;61.5715;0.10259;1.2013;0.065952;7.8917;6.5366;25.0562;26.5974;5.7559;8.4726;128.1807;1.6962;54.6571;0.46166;0.15389;20.7564;31.494;185.9052;6.8459;4.7925;0.57401;20.0716;5.8284;0.68883;;1.1411;66.7557;412.8984;;0.81707;4.0893;0.35174;6.3648;852.0962;9.6193;;114.5826;0.63754;0.23816;;12.3717;1.9676;0.23083;1.5609;2.361;8.5984;43.5724;58.5223;3.4939;1390.2535;377.1226;513.3138;61.4918;47.6229;62.7999;480.4916;9.6171;1300.052;21.437;213.2164;9.5404;0.051296;74.8748;6.5183;0.86362;8.6551;13.7528;2.0738;0.64969;49.3397;0.20076;15.7633;11.2688;1.5352;9.4861;1.7834;0.86626;182.4557;0.78043;1.0076;2.756;0.098928;;1.6378;3.686;482.3255;0.13923;4.9786;12.0787;2.2497;0.040304;50.2304;2.1871;12.7951;2.3596;0.043968;2.5782;172.6005;2.928;36.642;4.5504;0.7169;94.456;0.003664;63.4792;45.8519;2.323;43.1313;155.8442;0.26014;7.0901;6.1152;4.0828;42.4012;70.7641;334.3657;62.2701;62.8994;1.1761;;108.5597;1647.7289;0.54549;0.010992;0.21618;0.38472;0.065952;0.22717;0.17221;0.084272;386.5071;4.8266;52.1858;0.6412;0.51662;19.9102;40.9491;17.26;0.17954;0.60822;463.975;493.3532;368.1336;12.1513;12.9016;1.7569;1.0626;52.8165;43.3598;65.7185;275.5366;3.2043;5.7103;249.1661;0.1832;1.5168;0.11358;45.3492;23.6843;312.8625;55.8901;0.16488;0.010992;2.8153;336.6011;133.337;559.322;6130.9836;5.9465;119.4173;0.098928;159.9889;100.5772;0.029312;;20.719;1.8676;9.834
2008;4.1983;4.3712;109.0318;0.53861;25.486;0.15022;0.47998;188.0412;5.5821;2.6564;405.0485;73.8063;35.4506;1.4949;29.6824;48.3076;1.589;66.3901;120.659;0.43602;4.2548;0.64853;0.40082;13.0406;0.28765;19.9586;4.5031;380.3449;0.16122;8.9915;53.9728;1.8628;0.19053;3.805;5.4263;574.8059;0.46899;;0.25282;0.5093;70.8187;7375.1899;67.2265;0.10626;1.2963;0.069616;7.9105;6.5915;23.7853;30.246;5.5363;8.6342;122.9339;1.8108;51.2106;0.4983;0.1319;20.269;33.325;195.2854;6.4086;4.4994;0.40902;17.8727;6.3651;0.63021;;0.87776;58.6088;406.7908;;0.84272;4.1437;0.3664;5.1104;854.421;8.9259;;111.1125;0.65952;0.25282;;11.1679;2.1439;0.22717;1.5572;2.3658;8.4847;43.7764;57.4382;3.7949;1547.991;417.792;534.9101;92.167;47.3001;67.9803;468.0621;10.1384;1229.2455;20.7179;213.3804;9.9117;0.05496;82.2983;7.5483;0.89911;8.2187;17.4261;2.1251;0.55339;55.3415;0.2195;15.0798;11.1323;1.3374;9.3945;1.8686;1.0285;201.5803;0.84272;1.0699;2.8237;0.098928;;1.7734;3.7666;495.305;0.11725;5.1904;12.0167;2.748;0.047632;52.861;2.1799;9.7152;3.3232;0.043968;3.3843;175.5192;2.849;37.6557;4.3653;0.80306;94.9332;0.007328;70.3281;44.903;2.0518;42.1107;155.3562;0.25282;7.1817;4.7925;4.3728;40.3322;77.3;327.4482;59.9235;64.2571;1.2418;;105.3654;1679.7944;0.53057;0.010992;0.21618;0.39571;0.065952;0.22717;0.17954;0.084272;432.3364;4.739;51.7897;0.6925;0.53494;36.1051;41.4846;18.1974;0.18686;0.6009;494.1272;505.7826;336.4901;11.9878;13.6313;1.9357;1.0955;50.7231;44.7067;66.8774;259.3619;2.8853;5.9374;249.591;0.20152;1.5228;0.12091;44.2524;24.3334;310.3967;56.6657;0.17954;0.010992;3.0523;325.7328;154.1554;544.8482;5932.7753;8.2007;123.3356;0.095264;178.2128;113.2408;0.021984;;22.025;2.1056;7.7189
2009;6.7603;4.3748;120.1859;0.51662;27.5655;0.14656;0.5093;178.8674;4.3623;2.6271;408.6726;67.4831;31.8566;1.6415;28.0975;52.2926;1.5893;61.9378;107.6424;0.58624;4.5079;0.47632;0.3678;13.7466;0.29433;20.5371;3.7593;360.0908;0.16488;7.7457;45.7071;1.8668;0.19053;4.5407;6.5949;540.5187;0.52395;;0.25282;0.49098;65.9199;7758.8118;71.8516;0.1319;1.7316;0.069616;7.6793;5.5143;21.9955;29.7052;5.6649;8.3826;115.2553;1.6953;48.8235;0.46166;0.1319;19.8137;35.5032;202.7097;6.3126;4.6166;0.50797;14.6091;6.433;0.57525;;0.77856;55.8182;386.9421;;0.84638;4.2183;0.38106;6.1349;789.9635;7.4978;;104.3405;0.57525;0.25282;;11.6875;2.2266;0.2345;1.5645;2.237;7.681;41.9828;51.7811;3.7311;1720.1206;447.3011;546.885;103.4891;42.1085;63.8609;415.9324;7.7543;1160.2036;21.3363;209.3467;11.9641;0.040304;86.9549;6.7374;1.1401;7.4807;20.9705;2.2167;0.5083;57.1956;0.20535;12.828;10.5885;2.0702;8.691;1.7539;0.91867;196.4441;0.88302;0.80608;2.5843;0.10259;;1.9602;3.708;478.389;0.16122;4.5395;13.074;1.8247;0.047632;52.5903;2.4399;10.1445;3.0668;0.040304;4.1911;170.1804;2.9552;34.8067;4.4375;0.9623;75.5407;0.003664;69.8738;43.2054;2.0885;40.5146;155.219;0.24549;8.4194;5.0893;4.4972;50.8445;75.7671;314.1446;57.0771;68.5969;1.2958;;87.2054;1572.439;0.56443;0.010992;0.2235;0.38472;0.065952;0.31144;0.18686;0.0916;465.8443;4.2037;45.926;0.52395;0.53494;55.887;37.6394;16.31;0.19419;0.59723;501.3769;506.7645;297.2481;12.9435;14.1834;1.9953;1.0442;47.1532;43.5281;61.5622;246.4562;2.4347;5.6939;264.7503;0.22717;2.7408;0.1319;44.769;24.3216;316.771;50.1707;0.17954;0.010992;3.2467;277.1699;165.1851;494.6047;5495.395;7.9473;106.5339;0.12091;178.8451;122.8365;0.029312;;24.2476;2.4063;5.5195
2010;8.4522;4.5947;117.8141;0.51662;28.8645;0.15022;0.52395;186.6865;4.2602;2.5062;406.7528;72.3831;30.6329;1.6525;29.0748;58.2818;1.4526;63.8624;113.582;0.53861;4.9389;0.60822;0.46416;14.9414;0.20274;21.1456;4.6536;411.2402;0.17221;8.0608;47.7928;1.8939;0.21251;4.9169;6.662;555.4597;0.55693;;0.26381;0.51662;71.3298;8500.5427;75.3004;0.16122;1.9694;0.069616;7.428;6.0639;21.2451;38.1722;3.9021;8.0179;117.4956;1.9633;49.2923;0.51662;0.13923;20.5744;35.8841;198.8077;6.317;4.6753;0.50799;19.0149;6.3957;0.63021;;1.2012;63.9918;397.9005;;0.85738;4.7823;0.43235;6.2091;833.6849;9.7107;;97.343;0.66318;0.26014;;11.3615;2.5749;0.23816;1.7184;2.0934;7.8007;40.4741;52.1205;3.6209;1700.0274;427.7895;564.0345;110.9853;41.6795;68.2869;424.8732;7.2596;1211.5729;20.6143;236.9621;11.746;0.062288;89.2722;6.3129;1.498;8.647;20.0152;2.2753;0.78314;61.1216;0.19081;13.7126;11.1543;1.407;8.5957;1.9383;1.1216;215.9923;0.93432;0.96363;2.5902;0.10259;;1.9602;3.9132;466.0907;0.11358;4.8309;13.82;2.5795;0.065952;56.2;2.6339;12.4426;3.0961;0.043968;4.894;182.1796;3.5206;35.0107;4.469;1.1692;90.3154;0.003664;65.6872;45.8233;2.0335;46.7501;157.7647;0.25282;8.9994;4.7364;5.026;56.6779;82.9329;332.1307;52.8818;71.9199;1.3273;;83.5513;1657.5607;0.57913;0.010992;0.21984;0.40304;0.069616;0.21984;0.18686;0.098928;517.7159;7.2801;45.6964;0.44334;0.57525;55.5975;38.6265;16.3526;0.19786;0.61189;472.4826;565.9609;283.8775;13.0503;14.383;2.3954;1.0369;52.9273;45.0451;60.7164;267.8754;2.5178;6.8406;279.4285;0.2345;2.5994;0.11725;47.8123;27.1025;319.5284;57.1089;0.19053;0.007328;3.7652;293.5188;158.1647;512.2143;5701.0758;6.2967;103.5815;0.12091;188.1793;136.1131;0.029312;;23.1519;2.5626;7.681
2011;12.226;5.2359;119.8069;0.49098;30.1421;0.1429;0.51296;190.2479;4.9689;2.4988;404.2466;70.1157;33.3966;1.865;28.4388;61.5975;1.5042;62.7727;104.1586;0.6009;5.1213;0.44334;0.66746;15.8512;0.25864;23.7613;4.1384;430.1949;0.17587;9.5447;53.1165;2.1412;0.23756;5.0943;5.6306;560.7759;0.61555;;0.27846;0.53861;78.0838;9388.1992;75.7431;0.13557;2.2485;0.069616;7.5844;6.346;20.8017;35.7718;4.978;7.7002;115.0233;2.4387;44.3155;0.47266;0.12824;20.7807;37.9735;213.271;6.5005;6.1225;0.57142;19.0972;7.479;0.56792;;1.0679;56.5441;372.7926;;0.83173;4.942;0.44701;7.7854;810.8023;9.5335;;94.5317;0.70715;0.25282;;11.5205;2.7347;0.24549;1.7807;2.1843;8.7735;43.5746;50.358;3.4864;1817.1716;601.3254;579.04;132.8301;38.0093;68.5947;413.4315;7.7976;1261.3986;21.2438;227.0796;12.9281;0.062288;90.6301;7.5535;1.4669;7.8827;20.2641;2.3303;0.88098;39.2646;0.17678;14.0666;11.0504;1.4473;9.3908;2.3146;1.156;217.6792;0.98562;1.0442;2.6553;0.10259;;2.1105;3.9168;486.5032;0.12091;4.9633;21.4265;2.5685;0.040304;57.6974;3.1074;14.2215;2.7648;0.040304;5.2765;169.1187;3.628;34.3288;4.8017;1.3178;94.2254;0.007328;47.2381;44.9826;2.246;53.2631;158.342;0.25282;9.9008;5.3;5.2479;48.6913;83.5348;331.6946;51.7018;79.6476;1.3038;;89.3432;1712.4248;0.65211;0.010992;0.23083;0.4067;0.069616;0.19786;0.20152;0.10259;497.659;7.8194;48.9571;0.34075;0.74379;45.1844;37.9328;16.3406;0.19786;0.60456;468.9272;588.4351;284.5947;14.8866;13.9939;1.9598;1.0479;48.97;40.9797;56.1393;266.9359;2.32;7.807;275.836;0.24549;2.5076;0.10259;46.807;25.5243;344.7455;62.1823;0.19053;0.007328;4.0678;307.0712;162.7049;469.8115;5570.7066;7.6538;113.0454;0.1319;175.8558;145.0478;0.025648;;19.513;2.7926;9.4399
2012;10.7421;4.9061;128.11;0.48731;33.1858;0.1429;0.52395;191.0447;5.7483;1.3484;407.1461;67.6614;35.4969;1.9676;26.4482;65.6025;1.4499;63.6748;101.395;0.47632;5.3055;0.47632;0.75381;18.4857;0.31144;22.1362;4.1856;460.0631;0.17587;9.4934;48.2695;2.5503;0.2736;5.3335;5.975;563.6752;0.50563;;0.29312;0.59569;79.7039;9633.8993;79.3503;0.1429;2.9508;0.069616;7.607;8.3429;19.243;35.9269;5.9943;7.1699;110.9141;2.3522;39.8809;0.51662;0.13557;21.6513;37.4605;211.9927;6.5057;5.1113;0.62967;17.9381;8.1495;0.5899;;1.0411;51.1119;374.1126;;0.81341;5.0773;0.45434;8.2474;815.1974;11.5198;;91.4178;0.56792;0.27114;;11.6466;2.5428;0.25282;1.9932;2.2789;8.7871;43.1859;46.8085;3.4887;1983.7588;633.145;600.6803;151.0926;38.1948;74.7845;391.9904;7.4182;1302.0829;23.8131;233.8608;11.9672;0.062288;101.8903;9.9998;1.5147;7.5839;22.3688;2.4036;1.0114;52.4087;0.18532;14.1337;10.7881;1.3117;8.9585;2.6776;1.0759;215.8952;1.1102;0.99294;2.8105;0.10259;;2.3303;3.9644;498.6585;0.13557;4.7657;26.1897;2.334;0.043968;62.4833;2.9808;10.9502;3.3641;0.040304;5.5217;164.9487;3.6122;35.9693;4.5488;1.8564;96.5668;0.007328;48.2293;44.5608;2.1984;58.343;159.7276;0.25282;9.8519;5.0506;5.1935;53.9376;88.9271;324.2166;49.8779;93.2194;1.33;;86.3209;1726.0995;0.72453;0.010992;0.21984;0.4067;0.069616;0.25282;0.19786;0.11358;563.1795;7.3629;43.7245;0.43968;0.86104;36.3432;36.1091;15.8008;0.19786;0.60822;467.0806;583.632;279.2713;15.7757;14.2236;2.2444;1.2055;46.4036;42.2509;43.7901;256.0042;2.9063;9.2381;293.6644;0.29312;2.2926;0.10626;45.3105;26.3064;354.1348;64.5329;0.19786;0.010992;3.8607;303.7051;173.9237;487.6708;5366.7303;8.5931;115.1219;0.11358;197.7298;135.3753;0.025648;;18.2383;3.4807;7.6146
2013;10.0004;5.06;132.4346;0.47632;32.3731;0.13557;0.52395;188.4281;5.5494;0.86104;398.1638;68.0012;35.58;2.7993;31.0839;67.7065;1.4295;64.4237;101.9704;0.51296;5.6526;0.458;0.85314;18.5716;0.32243;21.801;5.1848;493.5935;0.17587;7.6284;42.586;2.9924;0.27823;5.4758;6.615;568.8924;0.4983;;0.29678;0.68057;81.676;9796.5272;89.0001;0.17587;3.0578;0.069616;7.4312;9.5301;18.5882;34.589;5.2102;6.4949;106.4012;3.5381;41.8251;0.59218;0.1319;20.9578;40.2522;208.4508;6.0936;5.1589;0.63878;19.6956;10.0802;0.67784;;1.1292;51.9016;374.2586;;0.82074;5.2577;0.43235;7.6643;832.643;14.2811;;81.7226;0.55326;0.30411;;13.2967;2.2564;0.25648;1.9346;2.3705;8.871;44.7636;43.7677;3.4818;1997.8786;486.13;608.9629;163.5704;37.1828;65.9971;363.3999;8.038;1314.0696;23.7393;239.8367;12.7705;0.062288;97.8147;9.6585;1.4015;7.4236;22.1964;2.4329;0.93545;56.0023;0.19254;13.1063;10.2333;1.1798;7.841;3.0895;1.1885;233.8285;1.0919;1.0259;2.4739;0.10259;;2.323;4.067;492.5597;0.1429;4.8994;38.6893;2.246;0.051296;58.8304;3.8738;12.72;2.6012;0.043968;6.2847;164.7573;4.2256;35.2145;4.476;1.935;95.8743;0.007328;35.1567;44.3027;2.4366;60.6572;160.5957;0.25648;10.45;6.1581;5.3273;55.9841;95.7229;319.9113;48.0819;84.1525;1.4473;;76.8292;1665.9886;0.79038;0.010992;0.2235;0.4067;0.07328;0.20885;0.19786;0.11358;540.8052;7.8499;44.5458;0.40304;1.0332;55.6305;35.6339;15.1671;0.20152;0.60822;464.6191;591.5397;252.6827;15.2533;15.0763;1.9022;1.0882;44.769;43.1839;35.809;258.3049;3.4371;10.912;296.903;0.43968;2.2361;0.11358;46.4155;26.8655;346.781;66.3741;0.19786;0.010992;4.6452;296.0741;168.211;477.7326;5519.6126;7.4898;102.6549;0.10626;182.8689;140.4389;0.021984;;24.9804;3.7561;11.5362
2014;9.7892;5.7122;143.1771;0.46166;34.4576;0.1429;0.53128;202.6715;5.5814;0.87203;393.4642;64.2533;37.4144;2.4146;31.089;71.1457;1.2535;63.78;96.391;0.49464;6.1582;0.57525;0.9196;20.0298;0.32243;22.1176;6.9868;519.5263;0.17954;8.9255;45.1425;2.8021;0.43153;6.5164;6.854;568.0084;0.49098;;0.30045;0.70713;80.9771;9820.3605;83.4155;0.15389;3.0411;0.069616;7.5871;9.7389;17.8507;34.6331;5.8771;6.8785;104.0603;4.6313;37.6235;0.68269;0.13557;20.9911;43.197;197.1015;6.1695;5.3421;0.66275;18.9038;10.9911;0.59723;;1.1465;47.7997;343.5726;;0.80242;5.1695;0.51296;8.7908;793.6358;14.122;;78.6558;0.50563;0.24182;;17.9254;2.3921;0.27114;2.0079;2.8246;9.2762;45.9633;43.9154;3.4618;2207.5339;460.0157;639.1113;166.368;36.6816;63.5507;348.4762;7.4153;1264.1733;25.7577;256.8567;13.6564;0.062288;94.7633;9.4131;1.6731;7.2388;23.7038;2.4659;0.90172;56.7279;0.1611;12.8747;9.7575;1.2824;7.5039;3.0472;1.2254;240.0551;1.3337;1.4106;2.463;0.10259;;2.323;4.2246;482.5279;0.15022;4.7442;20.7997;2.2094;0.047632;59.6248;8.2536;21.4603;3.7234;0.047632;7.662;157.3471;4.2749;35.6104;4.7812;2.1227;93.9854;0.010992;39.6544;43.9527;2.8359;60.3739;162.4276;0.26014;8.5512;6.2899;5.5935;60.584;103.025;307.5551;47.9558;106.8712;1.4949;;77.1605;1667.1107;0.82357;0.010992;0.23083;0.4067;0.076944;0.20885;0.19786;0.11358;601.8961;8.3058;37.1891;0.49464;1.1395;56.3267;33.5647;13.5126;0.20152;0.60822;488.0062;586.548;255.1957;18.1589;14.9667;1.9758;1.2018;43.2257;39.2378;30.112;262.1522;5.0607;11.2413;313.1865;0.46899;2.2197;0.12091;46.1433;27.892;357.56;68.0285;0.20518;0.010992;4.9877;256.5836;208.8116;438.6912;5568.7593;6.6561;104.4808;0.15389;184.2366;159.7124;0.021984;;22.2626;4.2557;11.8663
2015;10.1074;5.9477;150.5925;0.47724;34.7611;0.14918;0.55463;206.368;5.7917;0.91036;402.9955;66.704;40.2414;2.5165;32.8469;83.5008;1.3009;58.9658;100.2295;0.52226;6.3503;0.60053;0.98796;20.0019;0.3366;24.7642;7.103;512.0819;0.18743;10.3553;48.1327;2.7813;0.47666;6.9765;7.2174;565.5767;0.49721;;0.30346;0.71346;81.1612;9716.4678;86.0223;0.16791;3.2284;0.07597;8.1721;10.8541;17.9966;36.0008;6.1354;6.9029;104.7846;4.7038;35.3151;0.74049;0.14153;21.4711;41.8744;200.4222;6.5379;5.8365;0.71653;15.8911;12.3814;0.61738;;1.2507;44.3461;348.1637;;0.87566;5.2871;0.51672;9.4636;797.0782;14.4475;;74.9625;0.52269;0.25723;;19.8033;2.4453;0.27458;2.0179;2.9436;10.0552;42.702;46.6652;3.5364;2276.4072;459.6288;630.3618;167.7119;38.4436;66.0959;355.4832;7.6977;1223.6665;23.1678;263.4839;14.5486;0.067973;102.327;9.9294;1.745;7.3337;21.2692;2.4847;0.91288;52.1646;0.15889;13.1416;9.2597;1.4145;7.2575;3.0474;1.2752;245.0976;1.4554;1.4285;1.7578;0.11196;;2.3525;4.1619;477.2737;0.16394;4.9487;20.3564;2.4392;0.049726;61.0432;9.0184;23.4407;3.9185;0.05198;7.5854;165.0299;4.4491;35.8371;5.0686;2.0894;103.8245;0.011995;38.4039;44.6637;2.5541;64.2211;172.09;0.28389;9.6078;6.8769;5.6983;62.7495;113.8232;310.6151;52.1952;120.5472;1.6311;;77.7882;1671.8951;0.91689;0.011475;0.24098;0.42458;0.080326;0.21803;0.21592;0.11472;620.883;8.1149;41.3375;0.53972;1.154;60.7206;33.8975;13.5991;0.21991;0.66365;461.1166;590.5575;271.7272;20.7134;16.2969;1.9972;1.2332;43.3856;38.7385;28.9252;258.8876;5.4602;12.4535;320.574;0.5118;2.6403;0.13195;45.685;26.4047;380.8581;75.379;0.2142;0.011995;5.3248;223.5797;227.4772;422.6626;5420.8041;6.6511;110.6693;0.16793;176.8973;184.5019;0.023991;;20.3846;4.4014;10.9076
2016;12.2579;6.2729;150.378;0.51151;35.351;0.15207;0.5654;207.0641;5.9608;0.92803;413.3699;67.4021;39.6883;2.5653;34.2651;85.2536;1.3247;60.5092;100.2437;0.54743;6.7479;0.61219;1.1146;20.5623;0.34314;26.0017;7.0984;473.7414;0.19107;9.9647;45.2874;2.9698;0.50815;7.482;7.5861;558.189;0.5322;;0.31086;0.72897;86.128;9704.4794;86.373;0.18137;3.3742;0.076841;8.5657;10.7575;18.2215;36.6665;6.2545;7.3078;106.5433;4.8152;37.1173;0.78823;0.14427;21.7823;39.7539;208.9113;6.8343;6.4583;0.76427;17.4935;12.9419;0.66171;;1.2641;47.9264;350.1047;;0.88569;5.4761;0.55225;9.8389;801.753;15.1037;;71.3731;0.56022;0.26963;;20.9371;2.6017;0.2939;2.0527;2.9984;10.5762;43.2359;47.5782;3.49;2377.4479;464.8568;637.5622;184.9387;39.9281;65.1682;350.323;7.8114;1204.3186;21.6301;278.3619;15.2342;0.068752;103.456;9.8599;1.8985;7.2636;19.7574;2.4619;0.96903;51.3104;0.14836;13.1575;9.003;1.4222;7.144;3.0443;1.3155;251.0896;1.4721;1.5291;1.4203;0.11324;;2.518;4.0866;504.9799;0.16581;5.2004;28.681;2.5735;0.050691;61.2857;9.8064;24.0176;3.9988;0.052575;8.526;165.5221;5.2328;34.4629;5.2998;2.2345;101.5718;0.012133;54.9252;44.0316;2.3405;64.4421;187.4054;0.28714;10.196;6.9366;5.7886;66.3412;119.2737;322.234;50.2748;118.6898;1.7619;;75.0517;1668.0699;0.98418;0.011698;0.24566;0.43282;0.081885;0.22226;0.21839;0.11752;631.5492;8.5416;43.351;0.58297;1.2352;62.8291;33.9968;14.3998;0.22243;0.71684;468.0454;595.0737;260.9859;21.9507;17.4879;2.0308;1.2412;42.568;39.2049;27.9994;263.4759;5.579;13.6047;324.8341;0.51766;2.7522;0.13346;41.0236;26.9077;402.8208;76.5633;0.21836;0.012133;5.5714;235.156;233.4265;398.5509;5310.8614;6.7644;97.9253;0.16986;166.0964;197.8016;0.024265;;19.1354;4.5751;9.9326
2017;13.0147;6.3792;150.5514;0.52018;35.3899;0.15205;0.5653;204.3234;5.6564;0.92787;413.0927;69.9418;38.2097;2.5644;34.4557;88.0575;1.3227;61.3718;100.116;0.56083;7.5021;0.61208;1.1664;20.8852;0.34308;26.6469;7.875;476.0668;0.19103;10.2269;49.0712;3.335;0.52914;7.9383;7.6872;572.7826;0.59998;;0.31073;0.72871;84.6032;9838.754;81.2268;0.18948;3.4097;0.082045;8.695;11.7244;17.1816;36.5042;6.2533;7.5147;107.8958;4.8137;34.5501;0.81701;0.14425;21.2688;38.7973;218.6644;6.992;6.7149;0.79305;19.8093;13.3962;0.67294;;1.3444;45.956;356.3007;;0.94568;5.5264;0.62219;10.9517;799.3732;16.7648;;76.0004;0.56973;0.27623;;20.878;2.9047;0.33133;2.0766;2.9979;10.6691;43.0326;50.3447;3.48;2466.7654;486.8438;672.3123;194.4546;39.7384;66.5534;355.4542;7.7726;1205.0612;21.3567;292.5885;15.8182;0.073409;104.3935;10.4331;1.958;7.1668;19.5468;2.8238;1.0778;53.3874;0.16125;13.3939;9.2947;1.5122;7.2515;3.1821;1.3675;254.5759;1.5718;1.7238;1.4445;0.12091;;2.8387;4.2792;490.2946;0.17705;5.0936;30.3907;2.6278;0.050682;62.7253;10.2744;25.3332;4.0653;0.056136;9.0282;164.0459;5.5645;36.0139;5.4229;2.4851;107.3009;0.012955;58.0196;44.7899;2.318;65.1864;198.81;0.30659;10.059;7.3875;5.8503;64.7815;127.608;326.6045;54.8636;129.8033;1.8407;;79.9955;1692.7948;1.0247;0.011696;0.24561;0.43274;0.081871;0.22222;0.23318;0.11747;635.0111;9.3185;45.0928;0.60905;1.3925;64.7651;35.3862;14.6096;0.2375;0.7489;456.3252;616.0967;281.422;23.1384;18.2059;2.0537;1.3438;41.5015;40.074;27.9145;271.525;5.7114;14.2305;330.8396;0.55273;2.9911;0.1425;40.6972;28.1341;447.8972;72.7025;0.21832;0.012955;5.7828;212.1163;231.7735;384.7068;5269.5295;6.8403;98.9989;0.18136;159.5676;198.8265;0.025909;;18.9658;4.7461;10.3977